date,sender_id,message
2024-11-29 07:47:52+00:00,-1002129137971,"TCS Recruitment For Freshers 

Any Graduate 

Salary : 10 LPA 

Apply Link ğŸ‘‡ğŸ»ğŸ‘‡ğŸ»ğŸ‘‡ğŸ» 
https://english.freejobsrecruitment.com/tcs-jobs-latest-tcs-recruitment-2024/"
2024-11-29 06:27:01+00:00,-1002129137971,"Immediate Joiners Preferred 

Concentrix Recruitment For Freshers 

Any Graduate 

2 Weeks Training + Job 

Salary : 4.5 LPA 

Apply Link ğŸ‘‡ğŸ»ğŸ‘‡ğŸ»ğŸ‘‡ğŸ» 
https://english.freejobsrecruitment.com/concentrix-jobs-latest-concentrix-recruitment-2024-2/"
2024-11-29 05:16:32+00:00,-1002129137971,"Wipro Recruitment For Freshers 

6 Weeks Training + Job 

Any Graduate 

Salary : 5.5 LPA 

Apply Link ğŸ‘‡ğŸ»ğŸ‘‡ğŸ»ğŸ‘‡ğŸ» 
https://english.freejobsrecruitment.com/wipro-jobs-latest-wipro-recruitment-2024/"
2024-11-29 03:28:39+00:00,-1002129137971,"Google Recruitment For Freshers 

3 Months Internship + Job 

Any Graduate 

Salary : 6.5 LPA 

Apply Link ğŸ‘‡ğŸ»ğŸ‘‡ğŸ»ğŸ‘‡ğŸ» 
https://english.freejobsrecruitment.com/google-jobs-internship-google-recruitment-for-freshers/"
2024-11-27 14:16:15+00:00,-1002129137971,"EY Recruitment For Freshers 

Any Graduate 

Salary : 8 LPA 

Apply Link ğŸ‘‡ğŸ»ğŸ‘‡ğŸ»ğŸ‘‡ğŸ» 
https://english.freejobsrecruitment.com/ey-jobs-latest-ey-recruitment-for-freshers-3/"
2024-11-27 11:59:33+00:00,-1002129137971,"Sutherland Recruitment For Freshers 

Any Graduate 

4 Weeks Training + Job 

Salary : 4.5 LPA 

Apply Link ğŸ‘‡ğŸ»ğŸ‘‡ğŸ»ğŸ‘‡ğŸ» 
https://english.freejobsrecruitment.com/sutherland-jobs-latest-sutherland-recruitment-2024-2/"
2024-11-27 05:15:50+00:00,-1002129137971,"HCL Tech Recruitment For Freshers 

Any Graduate 

2 Weeks Training + Job 

Salary : 4 LPA 

Apply Link ğŸ‘‡ğŸ»ğŸ‘‡ğŸ»ğŸ‘‡ğŸ» 
https://english.freejobsrecruitment.com/hcl-tech-jobs-latest-hcl-tech-recruitment-2024/"
2024-11-27 03:30:52+00:00,-1002129137971,"Zomato Bulk Recruitment For Freshers 

Any Graduate 

3 Months Training + Job 

Salary : 5 LPA 

Apply Link ğŸ‘‡ğŸ»ğŸ‘‡ğŸ»ğŸ‘‡ğŸ» 
https://english.freejobsrecruitment.com/zomato-jobs-latest-zomato-recruitment-2024/"
2024-11-26 09:09:32+00:00,-1002129137971,"Genpact Recruitment For Freshers 

Any Graduate 

12 Weeks Training + Job 

Salary : 8 LPA 

Apply Link ğŸ‘‡ğŸ»ğŸ‘‡ğŸ»ğŸ‘‡ğŸ» 
https://english.freejobsrecruitment.com/latest-genpact-recruitment-2024-analyst-genpact-jobs/"
2024-11-26 07:58:01+00:00,-1002129137971,"Work From Home Jobs 

Cognizant Bulk Hiring For Freshers 

Any Graduate 

Software Engineer Jobs 

3 Months Training + Job 

Salary : 6.5 LPA 

Apply Link ğŸ‘‡ğŸ»ğŸ‘‡ğŸ»ğŸ‘‡ğŸ» 
https://english.freejobsrecruitment.com/cognizant-jobs-latest-cognizant-recruitment-2024-3/"
2024-11-26 06:25:52+00:00,-1002129137971,"Goldman Sachs Recruitment For Freshers 

Any Graduate 

Salary : 5.5 LPA 

Apply Link ğŸ‘‡ğŸ»ğŸ‘‡ğŸ»ğŸ‘‡ğŸ» 
https://english.freejobsrecruitment.com/goldman-sachs-jobs-latest-goldman-sachs-recruitment-2024/"
2024-11-26 05:18:01+00:00,-1002129137971,"Capgemini Recruitment For Freshers 

Any Graduate 

Chat Process Jobs 

2 Weeks Training + Job 

Salary : 4 LPA 

Apply Link ğŸ‘‡ğŸ»ğŸ‘‡ğŸ»ğŸ‘‡ğŸ» 
https://english.freejobsrecruitment.com/capgemini-jobs-latest-capgemini-recruitment-2024-2/"
2024-11-26 03:55:42+00:00,-1002129137971,"Deloitte Recruitment For Freshers 

Any Graduate 

12 Weeks Training + Jobs 

Salary : 8 LPA 

Apply Link ğŸ‘‡ğŸ»ğŸ‘‡ğŸ»ğŸ‘‡ğŸ» 
https://english.freejobsrecruitment.com/deloitte-recruitment-2024-deloitte-jobs-for-freshers/"
2024-11-25 13:52:19+00:00,-1002129137971,"Tech Mahindra Recruitment For Freshers 

Any Graduate 

2 Weeks Training + Job 

Salary : 3 LPA 

Apply Link ğŸ‘‡ğŸ»ğŸ‘‡ğŸ» 
https://english.freejobsrecruitment.com/tech-mahindra-jobs-latest-tech-mahindra-recruitment-2024-5/"
2024-11-25 06:17:20+00:00,-1002129137971,"Starbucks Recruitment For Freshers 

Any Graduate 

Salary : 8 LPA 

Pan India Recruitment 

Apply Link ğŸ‘‡ğŸ»ğŸ‘‡ğŸ»ğŸ‘‡ğŸ» 
https://english.freejobsrecruitment.com/starbucks-jobs-latest-starbucks-recruitment-2024/"
2024-11-25 04:57:02+00:00,-1002129137971,"Phone Pe Recruitment For Freshers 

Any Graduate 

2 Weeks Training + Job

Salary : 6 LPA 

Apply Link ğŸ‘‡ğŸ»ğŸ‘‡ğŸ»ğŸ‘‡ğŸ» 
https://english.freejobsrecruitment.com/phone-pe-jobs-latest-phone-pe-recruitment-2024-2/"
2024-11-25 04:02:45+00:00,-1002129137971,"Infosys Bulk Recruitment For Freshers 

Any Graduate 

3 Months Training + Job 

Salary : 35,000 / Month 

Apply Link ğŸ‘‡ğŸ»ğŸ‘‡ğŸ»ğŸ‘‡ğŸ» 
https://english.freejobsrecruitment.com/infosys-jobs-latest-infosys-recruitment-2024-internship/"
2024-11-25 02:40:51+00:00,-1002129137971,"EY Recruitment For Freshers 

Any Graduate 

3 Months Training + Job 

Salary : 8 LPA 

Apply Link ğŸ‘‡ğŸ»ğŸ‘‡ğŸ»ğŸ‘‡ğŸ» 
https://english.freejobsrecruitment.com/ey-jobs-latest-ey-recruitment-for-freshers-2/"
2024-11-23 07:06:26+00:00,-1002129137971,"Work From Home Jobs 

Yatra Recruitment For Freshers 

10th Pass Only 

7 Days Training + Job 

Salary : 30,000 / Month 

Apply Link ğŸ‘‡ğŸ»ğŸ‘‡ğŸ»ğŸ‘‡ğŸ» 
https://english.freejobsrecruitment.com/work-from-home-jobs-latest-yatra-recruitment-2024/"
2024-11-23 04:35:20+00:00,-1002129137971,"Genpact Recruitment For Freshers 

Any Graduate 

12 Weeks Training + Job 

Salary : 8 LPA 

Apply Link ğŸ‘‡ğŸ»ğŸ‘‡ğŸ»ğŸ‘‡ğŸ» 
https://english.freejobsrecruitment.com/latest-genpact-recruitment-2024-analyst-genpact-jobs/"
2024-11-23 03:35:24+00:00,-1002129137971,"Don't Miss This Opportunity 

Swiggy Recruitment For Freshers 

Any Graduate 

3 Months Training + Job 

Salary : 6 LPA 

Apply Link ğŸ‘‡ğŸ»ğŸ‘‡ğŸ»ğŸ‘‡ğŸ» 
https://english.freejobsrecruitment.com/swiggy-jobs-latest-swiggy-recruitment-2024/"
2024-11-23 02:25:54+00:00,-1002129137971,"TCS Recruitment For Freshers 

Any Graduate 

Salary : 5 LPA 

Apply Link ğŸ‘‡ğŸ»ğŸ‘‡ğŸ»ğŸ‘‡ğŸ» 
https://english.freejobsrecruitment.com/tcs-jobs-tcs-recruitment-for-freshers-2/"
2024-11-22 12:28:52+00:00,-1002129137971,"Amazon Bulk Recruitment For Freshers 

Any Graduate 

45 Days Training + Job 

Salary : 35,000 / Month 

Apply Link ğŸ‘‡ğŸ»ğŸ‘‡ğŸ»ğŸ‘‡ğŸ» 
https://english.freejobsrecruitment.com/amazon-recruitment-for-freshers-amazon-jobs/"
2024-11-22 10:24:31+00:00,-1002129137971,"Telangana Court Notification 2024 

Assistant Jobs 

10th Pass Only 

Selection Process : Merit 

Apply Link ğŸ‘‡ğŸ»ğŸ‘‡ğŸ»ğŸ‘‡ğŸ» 
https://indiajobszone.com/telangana-district-court-notification-2024-govt-jobs/"
2024-11-22 06:11:51+00:00,-1002129137971,"Zomato Bulk Recruitment For Freshers 

Any Graduate 

3 Months Training + Job 

Salary : 5 LPA 

Apply Link ğŸ‘‡ğŸ»ğŸ‘‡ğŸ»ğŸ‘‡ğŸ» 
https://english.freejobsrecruitment.com/zomato-jobs-latest-zomato-recruitment-2024/"
2024-11-22 06:05:44+00:00,-1002129137971,"ğŸš¨ *Attention Graduates & Aspiring Software Professionals!* ğŸš¨

Donâ€™t fall for shortcuts! ğŸŒŸ *Getting an IT job* isnâ€™t an overnight processâ€”itâ€™s about learning the right, industry-relevant skills.

ğŸš€ *Introducing Intensive 3.0:* Your proven path to a dream software career! ğŸš€  
ğŸ“ *Learn from Top 1% MAANG Mentors*, with courses designed by IITians & Research Scholars.

ğŸ’¡ *Get FREE Guidance* on the complete roadmap to cracking top software jobs!  
ğŸ‰ *Book Your FREE Demo Now* and start your journey the right way ğŸ‘‡

ğŸ‘‰ https://ccbp.in/intensive/referral?utm_source=affiliate&utm_medium=affiliate-dashboard&utm_campaign=affiliate-demo&invite_code=ATCE5G"
2024-11-22 04:46:01+00:00,-1002129137971,"Wipro Recruitment for Freshers 

Any Graduate 

Salary : 4.5 LPA 

Apply Link ğŸ‘‡ğŸ»ğŸ‘‡ğŸ»ğŸ‘‡ğŸ» 
https://english.freejobsrecruitment.com/wipro-jobs-latest-wipro-recruitment-for-freshers/"
2024-11-22 03:34:01+00:00,-1002129137971,"Google Bulk Recruitment For Freshers 

12 Weeks Training + Job 

Any Graduate 

Salary : 8 LPA 

Apply Link ğŸ‘‡ğŸ»ğŸ‘‡ğŸ»ğŸ‘‡ğŸ» 
https://english.freejobsrecruitment.com/google-recruitment-for-freshers-internship-job-google-jobs/"
2024-11-22 02:21:26+00:00,-1002129137971,"Deloitte Recruitment For Freshers 

Any Graduate 

2 Months Training + Job 

Salary : 8 LPA 

Apply Link ğŸ‘‡ğŸ»ğŸ‘‡ğŸ»ğŸ‘‡ğŸ» 
https://english.freejobsrecruitment.com/latest-deloitte-recruitment-2024-associate-analyst-deloitte-jobs/"
2024-11-21 13:58:08+00:00,-1002129137971,"Paytm Work From Home Jobs 

Any Graduate 

Internship + Job 

Salary : 4.5 LPA 

Apply Link ğŸ‘‡ğŸ»ğŸ‘‡ğŸ»ğŸ‘‡ğŸ» 
https://english.freejobsrecruitment.com/work-from-home-jobs-latest-paytm-recruitment-for-freshers/"
2024-11-21 10:34:53+00:00,-1002129137971,"Work From Home Jobs 

Ditto Recruitment For Freshers 

Any Graduate 

15 Days Training + Job 

Salary : 4 LPA 

Apply Link ğŸ‘‡ğŸ»ğŸ‘‡ğŸ»ğŸ‘‡ğŸ» 
https://english.freejobsrecruitment.com/ditto-jobs-latest-ditto-recruitment-2024/"
2024-11-21 04:05:33+00:00,-1002129137971,"Oracle Recruitment For Freshers 

Any Graduate | Analyst Jobs 

2 Months Training + Job 

Salary : 8 LPA 

Apply Link ğŸ‘‡ğŸ»ğŸ‘‡ğŸ»ğŸ‘‡ğŸ» 
https://english.freejobsrecruitment.com/latest-oracle-recruitment-2024-oracle-jobs/"
2024-11-21 02:33:59+00:00,-1002129137971,"Tech Mahindra Recruitment For Freshers 

Immediate Joiners Preferred 

12th Pass Only 

Salary : 5.5 LPA 

Apply Link ğŸ‘‡ğŸ»ğŸ‘‡ğŸ»ğŸ‘‡ğŸ» 
https://english.freejobsrecruitment.com/tech-mahindra-jobs-latest-tech-mahindra-recruitment-2024-4/"
2024-11-21 01:04:01+00:00,-1002129137971,"Work From Home Jobs 

Cognizant Recruitment For Freshers 

Any Graduate 

Salary : 8 LPA 

Apply Link ğŸ‘‡ğŸ»ğŸ‘‡ğŸ»ğŸ‘‡ğŸ» 
https://english.freejobsrecruitment.com/cognizant-jobs-latest-cognizant-recruitment-2024-2/"
2024-11-20 13:40:24+00:00,-1002129137971,"Accenture Recruitment For Freshers 

Any Graduate 

2 Months Training + Job

Salary : 6 LPA

Apply Link ğŸ‘‡ğŸ»ğŸ‘‡ğŸ»ğŸ‘‡ğŸ» 
https://english.freejobsrecruitment.com/accenture-jobs-latest-accenture-recruitment-for-freshers/"
2024-11-20 11:28:50+00:00,-1002129137971,"Teleperformance Recruitment For Freshers 

12th Pass Only 

Salary : 20,000 / Month 

Apply Link ğŸ‘‡ğŸ» ğŸ‘‡ğŸ» ğŸ‘‡ğŸ» 

https://english.freejobsrecruitment.com/latest-teleperformance-recruitment-2024/"
2024-11-20 06:24:41+00:00,-1002129137971,"Flipkart Recruitment For Freshers 

12th Pass Only 

2 Weeks Training + Job 

Apply Link ğŸ‘‡ğŸ»ğŸ‘‡ğŸ»ğŸ‘‡ğŸ» 
https://english.freejobsrecruitment.com/flipkart-jobs-latest-flipkart-recruitment-for-freshers/"
2024-11-20 02:51:43+00:00,-1002129137971,"PWC Recruitment For Freshers 

Any Graduate 

Salary : 7.5 LPA 

Apply Link ğŸ‘‡ğŸ»ğŸ‘‡ğŸ»ğŸ‘‡ğŸ» 
https://english.freejobsrecruitment.com/latest-pwc-recruitment-2024-pwc-jobs-2/"
2024-11-20 00:55:15+00:00,-1002129137971,"HCL Recruitment For Freshers 

Mega Walk-In Drive 

Any Graduate 

Salary : 4 LPA 

Apply Link ğŸ‘‡ğŸ»ğŸ‘‡ğŸ»ğŸ‘‡ğŸ» 
https://english.freejobsrecruitment.com/latest-hcl-recruitment-2024-hcl-jobs/"
2024-11-19 15:27:22+00:00,-1002129137971,"Sutherland Recruitment For Freshers 

Any Graduate 

Multiple Roles 

Direct Joining Jobs 

Apply Link ğŸ‘‡ğŸ»ğŸ‘‡ğŸ»ğŸ‘‡ğŸ» 
https://english.freejobsrecruitment.com/sutherland-jobs-latest-sutherland-recruitment-2024/"
2024-11-19 09:57:39+00:00,-1002129137971,"Qualcomm Recruitment For Freshers 

Any Graduate 

2 Months Training + Job 

Salary : 8 LPA 

Apply Link ğŸ‘‡ğŸ»ğŸ‘‡ğŸ»ğŸ‘‡ğŸ» 
https://english.freejobsrecruitment.com/qualcomm-jobs-latest-qualcomm-recruitment-for-freshers/"
2024-11-19 05:59:41+00:00,-1002129137971,"EY Recruitment For Freshers 

Any Graduate 

Salary : 6 LPA 

Apply Link ğŸ‘‡ğŸ»ğŸ‘‡ğŸ»ğŸ‘‡ğŸ» 
https://english.freejobsrecruitment.com/ey-jobs-latest-ey-recruitment-2024-associate-analyst/"
2024-11-19 04:04:01+00:00,-1002129137971,"Genpact Recruitment For Freshers 

Any Graduate 

Salary : 5 LPA 

Apply Link ğŸ‘‡ğŸ»ğŸ‘‡ğŸ»ğŸ‘‡ğŸ» 
https://english.freejobsrecruitment.com/genpact-recruitment-for-freshers-process-developer-genpact-jobs/"
2024-11-19 02:28:53+00:00,-1002129137971,"Work From Home Jobs 

Amazon Recruitment For Freshers 

Any Graduate 

Salary : 4 LPA 

Apply Link ğŸ‘‡ğŸ»ğŸ‘‡ğŸ»ğŸ‘‡ğŸ» 
https://english.freejobsrecruitment.com/amazon-jobs-work-from-home-jobs-2/"
2024-11-19 00:55:15+00:00,-1002129137971,"IBM Recruitment For Freshers 

Any Graduate 

2 Months Training + Job 

Salary : 9 LPA 

Apply Link ğŸ‘‡ğŸ»ğŸ‘‡ğŸ»ğŸ‘‡ğŸ» 
https://english.freejobsrecruitment.com/latest-ibm-recruitment-for-freshers-ibm-jobs/"
2024-11-18 06:17:05+00:00,-1002129137971,"Concentrix Recruitment For Freshers 

Work From Home Jobs 

Any Graduate 

Salary : 4 LPA 

Apply Link ğŸ‘‡ğŸ»ğŸ‘‡ğŸ»ğŸ‘‡ğŸ» 
https://english.freejobsrecruitment.com/concentrix-jobs-latest-concentrix-recruitment-2024/"
2024-11-18 03:33:01+00:00,-1002129137971,"Work From Home Jobs 

Paytm Bulk Recruitment 

10th Pass Only 

Salary : 60,000 / Month 

Apply Link ğŸ‘‡ğŸ»ğŸ‘‡ğŸ»ğŸ‘‡ğŸ» 
https://english.freejobsrecruitment.com/paytm-jobs-latest-paytm-recruitment-for-freshers/"
2024-11-18 02:19:20+00:00,-1002129137971,"Tech Mahindra Recruitment For Freshers 

Any Graduate 

15 Days Training + Job 

Salary : 4.5 LPA 

Apply Link ğŸ‘‡ğŸ»ğŸ‘‡ğŸ»ğŸ‘‡ğŸ» 
https://english.freejobsrecruitment.com/tech-mahindra-jobs-latest-tech-mahindra-recruitment-2024-3/"
2024-11-17 03:55:42+00:00,-1002129137971,"Capgemini Recruitment For Freshers 

Any Graduate 

Multiple Roles 

Salary : 3.25 LPA 

Apply Link ğŸ‘‡ğŸ»ğŸ‘‡ğŸ»ğŸ‘‡ğŸ» 
https://english.freejobsrecruitment.com/capgemini-jobs-latest-capgemini-recruitment-2024/"
2024-11-17 02:33:01+00:00,-1002129137971,"Sutherland Recruitment For Freshers 

Any Graduate 

Multiple Roles 

Direct Joining Jobs 

Apply Link ğŸ‘‡ğŸ»ğŸ‘‡ğŸ»ğŸ‘‡ğŸ» 
https://english.freejobsrecruitment.com/sutherland-jobs-latest-sutherland-recruitment-2024/"
2024-11-17 01:06:15+00:00,-1002129137971,"Deloitte Recruitment For Freshers 

Any Graduate 

2 Months Training + Job 

Salary : 8 LPA 

Apply Link ğŸ‘‡ğŸ»ğŸ‘‡ğŸ»ğŸ‘‡ğŸ» 
https://english.freejobsrecruitment.com/latest-deloitte-recruitment-2024-associate-analyst-deloitte-jobs/"
2024-11-16 14:32:50+00:00,-1002129137971,"Phone Pe Recruitment For Freshers 

Any Graduate 

2 Months Training + Job 

Salary : 7 LPA 

Apply Link ğŸ‘‡ğŸ»ğŸ‘‡ğŸ»ğŸ‘‡ğŸ» 
https://english.freejobsrecruitment.com/phone-pe-jobs-latest-phone-pe-recruitment-2024/"
2024-11-16 07:40:36+00:00,-1002129137971,"Infosys Recruitment For Freshers 

Any Graduate 

12 Weeks Training + Job 

Salary : 6 LPA 

Apply Link ğŸ‘‡ğŸ»ğŸ‘‡ğŸ»ğŸ‘‡ğŸ» 
https://english.freejobsrecruitment.com/infosys-jobs-latest-infosys-recruitment-for-freshers-2/"
2024-11-16 06:27:55+00:00,-1002129137971,"S & P Global Recruitment For Freshers 

Any Graduate 

Salary : 8 LPA 

Apply Link ğŸ‘‡ğŸ»ğŸ‘‡ğŸ»ğŸ‘‡ğŸ» 
https://english.freejobsrecruitment.com/s-p-global-jobs-latest-s-p-global-recruitment-2024/"
2024-11-16 03:40:33+00:00,-1002129137971,"HP Recruitment For Freshers 

Internship + Job

Any Graduate 

Salary : 4 LPA 

Apply Link ğŸ‘‡ğŸ»ğŸ‘‡ğŸ»ğŸ‘‡ğŸ» 
https://english.freejobsrecruitment.com/latest-hp-recruitment-for-freshers-hp-jobs/"
2024-11-16 02:31:00+00:00,-1002129137971,"We Need Immediate Joiners 

Wipro Recruitment For Freshers 

Any Graduate 

2 Weeks Training + Job 

Salary : 3.5 LPA 

Apply Link ğŸ‘‡ğŸ»ğŸ‘‡ğŸ»ğŸ‘‡ğŸ» 
https://english.freejobsrecruitment.com/latest-wipro-recruitment-2024-wipro-jobs-6/"
2024-11-15 12:39:38+00:00,-1002129137971,"Work From Home Jobs 

Cognizant Recruitment For Freshers 

Any Graduate 

4 Weeks Training + Job 

Salary : 5.5 LPA 

Apply Link ğŸ‘‡ğŸ»ğŸ‘‡ğŸ»ğŸ‘‡ğŸ» 
https://english.freejobsrecruitment.com/latest-cognizant-recruitment-2024-cognizant-jobs-3/"
2024-11-15 10:28:22+00:00,-1002129137971,"Work From Home Jobs 

Amazon Recruitment For Freshers 

Any Graduate 

6 Weeks Training + Job 

Salary : 4.5 LPA 

Apply Link ğŸ‘‡ğŸ»ğŸ‘‡ğŸ»ğŸ‘‡ğŸ» 
https://english.freejobsrecruitment.com/amazon-jobs-work-from-home-jobs/"
2024-11-15 04:39:01+00:00,-1002129137971,"TCS Recruitment For Freshers 

Any Graduate 

Salary : 5 LPA 

Apply Link ğŸ‘‡ğŸ»ğŸ‘‡ğŸ»ğŸ‘‡ğŸ» 
https://english.freejobsrecruitment.com/tcs-jobs-tcs-recruitment-for-freshers-2/"
2024-11-15 03:35:27+00:00,-1002129137971,"EY Recruitment For Freshers 

Any Graduate 

3 Months Training + Job 

Salary : 8 LPA 

Apply Link ğŸ‘‡ğŸ»ğŸ‘‡ğŸ»ğŸ‘‡ğŸ» 
https://english.freejobsrecruitment.com/ey-jobs-latest-ey-recruitment-for-freshers-2/"
2024-11-15 02:13:44+00:00,-1002129137971,"DXC Technology Recruitment For Freshers 

Any Graduate 

3 Months Training + Job 

Salary : 6 LPA 

Apply Link ğŸ‘‡ğŸ»ğŸ‘‡ğŸ»ğŸ‘‡ğŸ» 
https://english.freejobsrecruitment.com/dxc-technology-jobs-dxc-technology-recruitment-2024/"
2024-11-14 15:44:15+00:00,-1002129137971,"We Need Immediate Joiners 

Concentrix Recruitment For Freshers 

Any Graduate 

Apply Link ğŸ‘‡ğŸ»ğŸ‘‡ğŸ»ğŸ‘‡ğŸ» 
https://english.freejobsrecruitment.com/concentrix-jobs-concentrix-recruitment-for-freshers/"
2024-11-14 11:22:23+00:00,-1002129137971,"American Express Recruitment For Freshers 

Any Graduate 

Salary : 8 LPA 

3 Months Training + Job 

Apply Link ğŸ‘‡ğŸ»ğŸ‘‡ğŸ»ğŸ‘‡ğŸ» 
https://english.freejobsrecruitment.com/work-from-home-jobs-american-express-recruitment-for-freshers/"
2024-11-14 07:25:00+00:00,-1002129137971,"Accenture Recruitment For Freshers 

Any Graduate 

2 Months Training + Job 

Salary : Upto 10 LPA 

Apply Link ğŸ‘‡ğŸ»ğŸ‘‡ğŸ»ğŸ‘‡ğŸ» 
https://english.freejobsrecruitment.com/accenture-jobs-accenture-recruitment-for-freshers-2/"
2024-11-14 04:52:56+00:00,-1002129137971,"HCL Recruitment For Freshers 

Any Graduate 

Multiple Roles 

No Fee | No Exam | No Exp 

Salary : 4 LPA 

Apply Link ğŸ‘‡ğŸ»ğŸ‘‡ğŸ»ğŸ‘‡ğŸ» 
https://english.freejobsrecruitment.com/hcl-jobs-latest-hcl-recruitment-for-freshers/"
2024-11-14 03:25:53+00:00,-1002129137971,"Genpact Recruitment For Freshers 

Any Graduate 

6 Weeks Training + Job 

Salary : 7 LPA 

Apply Link ğŸ‘‡ğŸ»ğŸ‘‡ğŸ»ğŸ‘‡ğŸ» 
https://english.freejobsrecruitment.com/genpact-jobs-genpact-recruitment-for-freshers-3/"
2024-11-14 02:07:09+00:00,-1002129137971,"Work From Home Jobs 

Ditto Recruitment For Freshers 

Any Graduate 

15 Days Training + Job 

Salary : 6 LPA 

Apply Link ğŸ‘‡ğŸ»ğŸ‘‡ğŸ»ğŸ‘‡ğŸ» 
https://english.freejobsrecruitment.com/work-from-home-jobs-ditto-recruitment-for-freshers/"
2024-11-13 12:11:10+00:00,-1002129137971,"Oracle Recruitment For Freshers 

Direct Joining Jobs 

Any Graduate 

Salary : 7 LPA 

Apply Link ğŸ‘‡ğŸ»ğŸ‘‡ğŸ»ğŸ‘‡ğŸ» 
https://english.freejobsrecruitment.com/oracle-jobs-oracle-recruitment-for-freshers-2/"
2024-11-13 07:31:34+00:00,-1002129137971,"Goldman Sachs Recruitment For Freshers 

Any Graduate 

Salary : 8.5 LPA 

Apply Link ğŸ‘‡ğŸ»ğŸ‘‡ğŸ»ğŸ‘‡ğŸ» 
https://english.freejobsrecruitment.com/goldman-sachs-jobs-goldman-sachs-recruitment-for-freshers/"
2024-11-13 04:16:01+00:00,-1002129137971,"We Need Immediate Joiners 

Tech Mahindra Recruitment For Freshers 

Any Graduate 

15 Days Training + Job

Salary : 5.5 LPA 

Apply Link ğŸ‘‡ğŸ»ğŸ‘‡ğŸ»ğŸ‘‡ğŸ» 
https://english.freejobsrecruitment.com/tech-mahindra-jobs-latest-tech-mahindra-recruitment-2024-2/"
2024-11-13 03:01:01+00:00,-1002129137971,"Work From Home Jobs 

Amazon Recruitment For Freshers 

45 Days Training + Job 

Salary : 35,000 / Month 

Apply Link ğŸ‘‡ğŸ»ğŸ‘‡ğŸ»ğŸ‘‡ğŸ» 
https://english.freejobsrecruitment.com/amazon-recruitment-for-freshers-work-from-home-jobs/"
2024-11-13 01:46:21+00:00,-1002129137971,"EY Recruitment For Freshers 

Internship + Job 

Any Graduate 

Salary : 4 LPA 

Apply Link ğŸ‘‡ğŸ»ğŸ‘‡ğŸ»ğŸ‘‡ğŸ» 
https://english.freejobsrecruitment.com/ey-recruitment-for-freshers-internship-ey-jobs/"
2024-11-12 12:27:21+00:00,-1002129137971,"Phone Pe Recruitment For Freshers 

KYC Documents Verification 

Any Graduate 

Salary : 5.8 LPA 

Apply Link ğŸ‘‡ğŸ»ğŸ‘‡ğŸ»ğŸ‘‡ğŸ» 
https://english.freejobsrecruitment.com/phone-pe-jobs-latest-phone-pe-recruitment-for-freshers/"
2024-11-12 08:41:35+00:00,-1002129137971,"Deloitte Recruitment For Freshers 

Any Graduate 

8 Weeks Training + Job

Salary : 9 LPA 

Apply Link ğŸ‘‡ğŸ»ğŸ‘‡ğŸ»ğŸ‘‡ğŸ» 
https://english.freejobsrecruitment.com/deloitte-jobs-deloitte-recruitment-for-freshers-3/"
2024-11-12 04:08:01+00:00,-1002129137971,"Wipro Recruitment for Freshers 

4 Weeks Training + Job 

Any Graduate 

Salary : 5.5 LPA 

Apply Link ğŸ‘‡ğŸ»ğŸ‘‡ğŸ»ğŸ‘‡ğŸ» 
https://english.freejobsrecruitment.com/wipro-recruitment-for-freshers-wipro-jobs-2/"
2024-11-12 02:51:17+00:00,-1002129137971,"We Need Immediate Joiners 

Sutherland Recruitment For Freshers 

Any Graduate 

Salary : 4.5 LPA 

Apply Link ğŸ‘‡ğŸ»ğŸ‘‡ğŸ»ğŸ‘‡ğŸ» 
https://english.freejobsrecruitment.com/sutherland-recruitment-2024-sutherland-jobs/"
2024-11-11 11:39:58+00:00,-1002129137971,"Redhat Recruitment For Freshers 

Any Graduate 

Salary : 08 LPA 

Hybrid mode 

Apply Link ğŸ‘‡ğŸ»ğŸ‘‡ğŸ»ğŸ‘‡ğŸ» 
https://english.freejobsrecruitment.com/red-hat-jobs-latest-red-hat-recruitment-2024/"
2024-11-11 04:15:21+00:00,-1002129137971,"PWC Recruitment For Freshers 

Any Graduate 

Salary : 10 LPA 

Apply Link ğŸ‘‡ğŸ»ğŸ‘‡ğŸ»ğŸ‘‡ğŸ» 
https://english.freejobsrecruitment.com/pwc-recruitment-for-freshers-pwc-jobs/"
2024-11-11 02:53:34+00:00,-1002129137971,"IBM Recruitment For Freshers 

Any Graduate 

4 Weeks Training + Job 

Salary : 6 LPA 

Apply Link ğŸ‘‡ğŸ»ğŸ‘‡ğŸ»ğŸ‘‡ğŸ» 
https://english.freejobsrecruitment.com/ibm-jobs-ibm-recruitment-for-freshers-2/"
2024-11-09 07:48:01+00:00,-1002129137971,"Work From Home Jobs 

Cognizant Bulk Recruitment For Freshers 

We Need Immediate Joiners 

Any Graduate 

Training + Job 

Apply Link ğŸ‘‡ğŸ»ğŸ‘‡ğŸ»ğŸ‘‡ğŸ» 
https://mohancareers.com/cognizant-recruitment-for-freshers-cognizant-jobs/"
2024-11-09 06:36:00+00:00,-1002129137971,"Infosys Recruitment For Freshers 

Any Graduate 

Salary : 5 LPA 

45 Days Training + Job 

Apply Link ğŸ‘‡ğŸ»ğŸ‘‡ğŸ»ğŸ‘‡ğŸ» 
https://english.freejobsrecruitment.com/infosys-jobs-latest-infosys-recruitment-for-freshers/"
2024-11-01 11:57:06+00:00,-1002129137971,"ğŸš¨ **Attention Graduates & Aspiring Software Professionals!** ğŸš¨

Donâ€™t fall for shortcuts! ğŸŒŸ **Getting an IT job** isnâ€™t an overnight processâ€”itâ€™s about learning the right, industry-relevant skills.

ğŸš€ **Introducing Intensive 3.0:** Your proven path to a dream software career! ğŸš€  
ğŸ“ **Learn from Top 1% MAANG Mentors**, with courses designed by IITians & Research Scholars.

ğŸ’¡ **Get FREE Guidance** on the complete roadmap to cracking top software jobs!  
ğŸ‰ **Book Your FREE Demo Now** and start your journey the right way ğŸ‘‡

ğŸ‘‰ https://bit.ly/3zYsZPF"
2024-11-01 11:57:04+00:00,-1002129137971,
2024-11-01 07:06:05+00:00,-1002129137971,"Deloitte Recruitment For Freshers 

Associate Analyst Jobs 

Any Graduate 

Salary : 9 LPA 

Apply Link ğŸ‘‡ğŸ»ğŸ‘‡ğŸ»ğŸ‘‡ğŸ» 
https://english.freejobsrecruitment.com/deloitte-recruitment-for-freshers-associate-analyst-jobs-deloitte-jobs/"
2024-10-30 07:20:59+00:00,-1002129137971,"Google Recruitment For Freshers 

3 Months Training + Job 

Any Graduate 

Salary : 10 LPA 

Apply Link ğŸ‘‡ğŸ»ğŸ‘‡ğŸ»ğŸ‘‡ğŸ» 
https://english.freejobsrecruitment.com/google-jobs-google-recruitment-2024-2/"
2024-10-30 06:02:45+00:00,-1002129137971,"Wipro Recruitment For Freshers 

Software Engineer Jobs 

3 Months Training + Job 

Any Graduate 

Salary : 5 LPA 

Apply Link ğŸ‘‡ğŸ»ğŸ‘‡ğŸ»ğŸ‘‡ğŸ» 
https://english.freejobsrecruitment.com/wipro-recruitment-for-freshers-wipro-jobs/"
2024-10-30 03:56:01+00:00,-1002129137971,"Genpact Recruitment For Freshers 

Any Graduate 

Salary : 6.5 LPA 

Apply Link ğŸ‘‡ğŸ»ğŸ‘‡ğŸ»ğŸ‘‡ğŸ» 
https://english.freejobsrecruitment.com/genpact-jobs-genpact-recruitment-for-freshers-2/"
2024-10-30 02:49:22+00:00,-1002129137971,"Accenture Recruitment For Freshers 

Any Graduate 

Salary : 5.5 LPA 

Apply Link ğŸ‘‡ğŸ»ğŸ‘‡ğŸ»ğŸ‘‡ğŸ» 
https://english.freejobsrecruitment.com/accenture-recruitment-2024-accenture-jobs/"
2024-10-29 08:08:24+00:00,-1002129137971,"Work From Home Jobs 

Paytm Recruitment For Freshers 

Any Graduate 

Salary : 4.5 LPA

Apply Link ğŸ‘‡ğŸ»ğŸ‘‡ğŸ»ğŸ‘‡ğŸ» 
https://english.freejobsrecruitment.com/paytm-jobs-latest-paytm-recruitment-2024/"
2024-10-29 05:45:06+00:00,-1002129137971,"Cognizant Recruitment For Freshers 

Any Graduate 

Salary : 6.5 LPA 

Apply Link ğŸ‘‡ğŸ»ğŸ‘‡ğŸ»ğŸ‘‡ğŸ» 
https://english.freejobsrecruitment.com/cognizant-jobs-latest-cognizant-recruitment-2024/"
2024-10-29 02:51:14+00:00,-1002129137971,"HP Recruitment For Freshers 

Any Graduate 

Salary : 5 LPA 

Direct Joining Jobs 

Apply Link ğŸ‘‡ğŸ»ğŸ‘‡ğŸ»ğŸ‘‡ğŸ» 
https://english.freejobsrecruitment.com/hp-jobs-latest-hp-recruitment-2024/"
2024-10-28 17:21:41+00:00,-1002129137971,"Work From Home Jobs 

Jio Recruitment For Freshers 

12th Pass Only 

15 Days Training + Job 

Salary : 20,000 / Month 

Apply Link ğŸ‘‡ğŸ»ğŸ‘‡ğŸ»ğŸ‘‡ğŸ» 
https://indiajobszone.com/jio-recruitment-2024-work-from-home-jobs/"
2024-10-28 13:31:02+00:00,-1002129137971,"Apple Recruitment For Freshers 

Any Graduate 

Salary : 10 LPA 

Immediate Joiners Preferred 

Apply Link ğŸ‘‡ğŸ»ğŸ‘‡ğŸ»ğŸ‘‡ğŸ» 
https://english.freejobsrecruitment.com/apple-jobs-latest-apply-recruitment-2024/"
2024-10-28 12:08:01+00:00,-1002129137971,"Amazon Recruitment For Freshers 

Work From Home Jobs 

Any Graduate 

45 Days Training + Job 

Salary : 4.5 LPA 

Apply Link ğŸ‘‡ğŸ»ğŸ‘‡ğŸ»ğŸ‘‡ğŸ»ğŸ‘‡ğŸ» 
https://english.freejobsrecruitment.com/amazon-recruitment-2024-work-from-home-jobs/"
2024-10-28 11:00:15+00:00,-1002129137971,"EY Recruitment For Freshers

Any Graduate 

Training + Job 

Salary : 50,000 / Month 

Apply Link ğŸ‘‡ğŸ»ğŸ‘‡ğŸ»ğŸ‘‡ğŸ» 
https://english.freejobsrecruitment.com/ey-recruitment-for-freshers-associate-analyst-ey-jobs/"
2024-10-28 05:58:48+00:00,-1002129137971,"Deloitte Recruitment For Freshers 

Any Graduate 

2 Months Training + Job 

Salary : 8 LPA 

Apply Link ğŸ‘‡ğŸ»ğŸ‘‡ğŸ»ğŸ‘‡ğŸ»ğŸ‘‡ğŸ» 
https://english.freejobsrecruitment.com/deloitte-jobs-deloitte-recruitment-for-freshers-2/"
2024-10-28 03:33:03+00:00,-1002129137971,"Wipro Recruitment For Freshers 

Any Graduate 

Trainee Jobs 

2 Months Training + Job 

Salary : 6.5 LPA 

Apply Link ğŸ‘‡ğŸ»ğŸ‘‡ğŸ»ğŸ‘‡ğŸ» 
https://english.freejobsrecruitment.com/wipro-recruitment-for-freshers-management-trainee-wipro-jobs/"
2024-10-27 16:31:02+00:00,-1002129137971,"Telangana Revenue Department Notification 2024 

5000 Vacancies 

Any Degree 

Salary : 40,000 

Apply Link ğŸ‘‡ğŸ»ğŸ‘‡ğŸ»ğŸ‘‡ğŸ» 
https://indiajobszone.com/telangana-revenue-department-notification-2024-ts-govt-jobs/"
2024-10-26 13:03:27+00:00,-1002129137971,"ğŸ‰ *Big News!* ğŸ‰

ğŸš€ *8 amazing individuals just got placed at Thoughtworks Software Company with NxtWave!* ğŸ™ŒğŸ’¼

A huge *Congratulations* to all of them! ğŸ‘ğŸ¥³

ğŸ‘‰ If you want to achieve the same success, now's the time to act!

ğŸ’¡ *upskill and get placed in top IT companies! attend a FREE Demo* and kickstart your journey in the tech world. ğŸ’»âœ¨

Want to know how to get Software Jobs attend FREE DEMO Now.ğŸ‘‡ğŸ»ğŸ‘‡ğŸ»ğŸ‘‡ğŸ»
https://ccbp.in/intensive/referral?utm_source=affiliate&utm_medium=affiliate-dashboard&utm_campaign=affiliate-demo&invite_code=ATCE5G"
2024-10-26 08:32:01+00:00,-1002129137971,"We Need Immediate Joiners 

Concentrix Recruitment For Freshers 

Any Graduate 

Apply Link ğŸ‘‡ğŸ»ğŸ‘‡ğŸ»ğŸ‘‡ğŸ» 
https://english.freejobsrecruitment.com/concentrix-jobs-concentrix-recruitment-for-freshers/"
2024-10-26 07:20:55+00:00,-1002129137971,"Capgemini Recruitment For Freshers 

Multiple Positions 

Any Graduate 

Salary : 6 LPA 

Apply Link ğŸ‘‡ğŸ»ğŸ‘‡ğŸ»ğŸ‘‡ğŸ» 
https://english.freejobsrecruitment.com/capgemini-jobs-capgemini-bulk-recruitment-2024/"
2024-10-25 10:11:06+00:00,-1002129137971,"IBM Recruitment For Freshers 

Any Graduate 

Software Engineer Jobs 

3 Months Training+ Job

Apply Link ğŸ‘‡ğŸ»ğŸ‘‡ğŸ»ğŸ‘‡ğŸ» 
https://english.freejobsrecruitment.com/ibm-jobs-ibm-recruitment-for-freshers/"
2024-10-25 05:38:55+00:00,-1002129137971,"Phone Pe Recruitment For Freshers 

Any Graduate 

Salary : 50,000 / Month 

Apply Link ğŸ‘‡ğŸ»ğŸ‘‡ğŸ»ğŸ‘‡ğŸ» 
https://english.freejobsrecruitment.com/phone-pe-recruitment-for-freshers-phone-pe-jobs/"
2024-10-25 03:05:24+00:00,-1002129137971,"We Need Immediate Joiners 

Tech Mahindra Recruitment For Freshers 

12th Pass Only 

15 Days Training + Job 

Salary : 30,000 / Month 

Apply Link ğŸ‘‡ğŸ»ğŸ‘‡ğŸ»ğŸ‘‡ğŸ» 
https://english.freejobsrecruitment.com/tech-mahindra-jobs-tech-mahindra-recruitment-2024/"
2024-10-24 07:34:09+00:00,-1002129137971,"Cognizant Recruitment For Freshers 

Any Graduate 

Content Review Jobs 

Salary : 4.5 LPA 

Apply Link ğŸ‘‡ğŸ»ğŸ‘‡ğŸ»ğŸ‘‡ğŸ» 
https://english.freejobsrecruitment.com/cognizant-recruitment-2024-content-review-cognizant-jobs/"
2024-10-24 06:07:06+00:00,-1002129137971,"Infosys Recruitment For Freshers 

Any Graduate 

45 Days Training + Job 

Salary : 4.8 LPA 

Apply Link ğŸ‘‡ğŸ»ğŸ‘‡ğŸ»ğŸ‘‡ğŸ» 
https://indiajobszone.com/infosys-bulk-hiring-for-freshers-infosys-jobs/"
2024-10-24 05:39:41+00:00,-1002129137971,"Oracle Recruitment For Freshers 

Any Graduate 

Salary : 7.5 LPA 

Apply Link ğŸ‘‡ğŸ»ğŸ‘‡ğŸ»ğŸ‘‡ğŸ» 
https://english.freejobsrecruitment.com/oracle-jobs-oracle-recruitment-for-freshers/"
2024-10-24 02:57:41+00:00,-1002129137971,"PWC Recruitment For Freshers 

Any Graduate 

2 Months Training + Job 

Salary : 8 LPA 

Apply Link ğŸ‘‡ğŸ»ğŸ‘‡ğŸ»ğŸ‘‡ğŸ» 
https://english.freejobsrecruitment.com/pwc-jobs-pwc-recruitment-for-freshers/"
2024-10-23 15:24:07+00:00,-1002129137971,"HCL Recruitment For Freshers 

Any Graduate 

Software Engineer Jobs 

Salary : 6.5 LPA 

Apply Link ğŸ‘‡ğŸ»ğŸ‘‡ğŸ»ğŸ‘‡ğŸ» 
https://english.freejobsrecruitment.com/hcl-jobs-latest-hcl-recruitment-2024/"
2024-10-23 14:36:42+00:00,-1002129137971,"Airport Recruitment For Freshers 

Qualification : 10th 

Vacancies : 1067 

Salary: 40,000 

Apply Link ğŸ‘‡ğŸ»ğŸ‘‡ğŸ»ğŸ‘‡ğŸ» 
https://indiajobszone.com/airport-jobs-airport-recruitment-2024/"
2024-10-23 14:17:24+00:00,-1002129137971,"*ğŸ’¥ğŸ˜Exciting Opportunity ğŸ˜ğŸ’¥*

Software Training evaga namma native language ali available edhe.

Telugu, Tamil , Kannada, Hindi 

Eligibility:- BTech (all branches), BSc, BCom, BBA, etc.

Year Of Passout:- 2018 to 2024 GraduatesÂ 

Ondh High Paying Software Job thagoli 3 simple steps endha :- 

Step 1 :- *Free Demo na Book madi*ğŸ‘‡ 

https://ccbp.in/intensive/referral?utm_source=affiliate&utm_medium=affiliate-dashboard&utm_campaign=affiliate-demo&invite_code=ATCE5G

Step 2 :- Enrol madkoli nam Training program ge and companies ge bekiro Skills na Develop madkoli.

Step 3 :- Companies ali apply madi and IT job thagoli.

ğŸ‰Don't miss this opportunity ğŸ¤—"
2024-10-23 13:36:36+00:00,-1002129137971,"Wipro Recruitment For Freshers 

Software Engineer Jobs 

3 Months Training + Job 

Any Graduate 

Salary : 5 LPA 

Apply Link ğŸ‘‡ğŸ»ğŸ‘‡ğŸ»ğŸ‘‡ğŸ» 
https://english.freejobsrecruitment.com/wipro-recruitment-for-freshers-wipro-jobs/"
2024-10-23 07:36:12+00:00,-1002129137971,"Work From Home Jobs 

Amazon Recruitment For Freshers 

Any Graduate 

6 Weeks Training + Job 

Apply Link ğŸ‘‡ğŸ»ğŸ‘‡ğŸ»ğŸ‘‡ğŸ» 
https://indiajobszone.com/amazon-recruitment-for-freshers-amazon-jobs/"
2024-10-23 05:37:36+00:00,-1002129137971,"Accenture Recruitment For Freshers 

Any Graduate 

Direct Joining Jobs 

Salary : 7 LPA 

Apply Link ğŸ‘‡ğŸ»ğŸ‘‡ğŸ»ğŸ‘‡ğŸ» 
https://english.freejobsrecruitment.com/accenture-recruitment-for-freshers-accenture-jobs/"
2024-10-23 03:01:24+00:00,-1002129137971,"NTT Data Recruitment For Freshers 

Any Graduate 

2 Months Training + Job 

Salary : 8 LPA 

Apply Link ğŸ‘‡ğŸ»ğŸ‘‡ğŸ»ğŸ‘‡ğŸ» 
https://english.freejobsrecruitment.com/ntt-data-recruitment-2024-ntt-jobs/"
2024-10-22 12:24:41+00:00,-1002129137971,"Don't Miss This Opportunity 

Deloitte Recruitment For Freshers 

Any Graduate 

Salary : 8 LPA 

Apply Link ğŸ‘‡ğŸ»ğŸ‘‡ğŸ»ğŸ‘‡ğŸ» 
https://english.freejobsrecruitment.com/deloitte-jobs-deloitte-recruitment-for-freshers/"
2024-10-22 06:49:20+00:00,-1002129137971,"We Need Immediate Joiners 

Infosys Recruitment For Freshers 

Any Graduate 

Salary : 6.5 LPA 

Apply Link ğŸ‘‡ğŸ»ğŸ‘‡ğŸ»ğŸ‘‡ğŸ» 
https://english.freejobsrecruitment.com/infosys-recruitment-2024-infosys-jobs-2/"
2024-10-22 05:08:46+00:00,-1002129137971,"Genpact Recruitment For Freshers 

Any Graduate 

45 Days Training + Job 

Salary : 5 LPA 

Apply Link ğŸ‘‡ğŸ»ğŸ‘‡ğŸ»ğŸ‘‡ğŸ» 
https://english.freejobsrecruitment.com/genpact-recruitment-for-freshers-genpact-jobs/"
2024-10-22 02:58:54+00:00,-1002129137971,"IBM Recruitment For Freshers 

Any Graduate 

Salary : 6 LPA 

Apply Link ğŸ‘‡ğŸ»ğŸ‘‡ğŸ»ğŸ‘‡ğŸ» 
https://english.freejobsrecruitment.com/ibm-recruitment-for-freshers-ibm-jobs/"
2024-10-21 11:44:18+00:00,-1002129137971,"Paytm Recruitment For Freshers 

Any Graduate 

2 Months Training + Job 

Salary : 4.8 LPA 

Apply Link ğŸ‘‡ğŸ»ğŸ‘‡ğŸ»ğŸ‘‡ğŸ» 
https://english.freejobsrecruitment.com/paytm-recruitment-2024-paytm-jobs/"
2024-10-21 07:41:37+00:00,-1002129137971,"EY Recruitment For Freshers 

Any Graduate 

2 Months Training + Job 

Salary : 7.5 LPA 

Apply Link ğŸ‘‡ğŸ»ğŸ‘‡ğŸ»ğŸ‘‡ğŸ» 
https://english.freejobsrecruitment.com/ey-recruitment-for-freshers-ey-jobs/"
2024-10-21 04:20:21+00:00,-1002129137971,"Phone Pe Recruitment For Freshers 

KYC Documents Verification 

Any Graduate 

Salary : 5.8 LPA 

Apply Link ğŸ‘‡ğŸ»ğŸ‘‡ğŸ»ğŸ‘‡ğŸ» 
https://english.freejobsrecruitment.com/phone-pe-jobs-latest-phone-pe-recruitment-for-freshers/"
2024-10-21 03:15:49+00:00,-1002129137971,"Wipro Bulk Recruitment For Freshers 

Any Graduate 

8 Weeks Training + Job 

Salary : 5.5 LPA 

Apply Link ğŸ‘‡ğŸ»ğŸ‘‡ğŸ»ğŸ‘‡ğŸ»ğŸ‘‡ğŸ» 
https://english.freejobsrecruitment.com/wipro-jobs-wipro-recruitment-for-freshers/"
2024-10-20 07:07:03+00:00,-1002129137971,"Infosys Recruitment For Freshers 

Any Graduate 

45 Days Training + Job 

Salary : 5 LPA 

Apply Link ğŸ‘‡ğŸ»ğŸ‘‡ğŸ»ğŸ‘‡ğŸ» 
https://english.freejobsrecruitment.com/infosys-recruitment-2024-infosys-jobs/"
2024-10-20 04:45:37+00:00,-1002129137971,"Work From Home Jobs 

Cognizant Recruitment For Freshers 

Any Graduate 

2 Months Training + Job 

Salary : 6.5 LPA 

Apply Link ğŸ‘‡ğŸ»ğŸ‘‡ğŸ»ğŸ‘‡ğŸ» 
https://english.freejobsrecruitment.com/cognizant-jobs-cognizant-recruitment-for-freshers/"
2024-10-20 03:39:14+00:00,-1002129137971,"TCS Recruitment For Freshers 

Any Graduate 

Salary : 5.5 LPA 

Last Date : 24.10.2024 

Apply Link ğŸ‘‡ğŸ»ğŸ‘‡ğŸ»ğŸ‘‡ğŸ» 
https://english.freejobsrecruitment.com/tcs-jobs-tcs-recruitment-for-freshers/"
2024-10-19 15:33:29+00:00,-1002129137971,"Qualcomm Recruitment For Freshers 

Any Graduate 

Salary : 60,000 / Month 

Apply Link ğŸ‘‡ğŸ»ğŸ‘‡ğŸ»ğŸ‘‡ğŸ» 
https://english.freejobsrecruitment.com/qualcomm-recruitment-for-freshers-qualcomm-jobs/"
2024-10-19 13:49:08+00:00,-1002129137971,"AP Fisheries Department Notification 2024 

DPM Jobs 

No Fee | No Exam | No Exp 

Salary : 45,000 

Apply Link ğŸ‘‡ğŸ»ğŸ‘‡ğŸ»ğŸ‘‡ğŸ» 
https://indiajobszone.com/ap-govt-jobs-ap-fisheries-department-notification-2024/"
2024-10-19 05:23:04+00:00,-1002129137971,"Accenture Recruitment For Freshers 

Any Graduate 

Salary : 4.5 LPA 

Apply Link ğŸ‘‡ğŸ»ğŸ‘‡ğŸ»ğŸ‘‡ğŸ»ğŸ‘‡ğŸ» 
https://english.freejobsrecruitment.com/accenture-jobs-accenture-recruitment-for-freshers/"
2024-10-18 07:43:33+00:00,-1002129137971,
2024-10-18 07:41:48+00:00,-1002129137971,"**ğŸš€ Attention Graduates! ğŸš€**

Did you know that **63% of graduates in India are struggling to get a job?** ğŸ˜Ÿ The reason isn't the lack of job opportunities, but the **lack of industry-relevant skills**.

ğŸ’¡ To stand out and grab the best IT job offers, **upskilling is the key**! The IT industry is actively looking for talented candidates like YOU with the right skills. 

ğŸ”¥ **Ready to make a change and land your dream job?** ğŸ”¥

ğŸ‘‰ **Vote below and let us know if you're ready to upskill and secure a placement in top IT companies.**"
2024-10-18 04:33:01+00:00,-1002129137971,"Google Recruitment For Freshers 

Software Engineer Jobs 

Any Graduate 

Salary : 8 LPA

Apply Link ğŸ‘‡ğŸ»ğŸ‘‡ğŸ»ğŸ‘‡ğŸ» 
https://english.freejobsrecruitment.com/google-jobs-google-recruitment-2024/"
2024-10-18 03:13:43+00:00,-1002129137971,"Flipkart Recruitment For Freshers 

Any Graduate 

Direct Joining Jobs 

Salary : 20,000 / Month 

Apply Link ğŸ‘‡ğŸ»ğŸ‘‡ğŸ»ğŸ‘‡ğŸ» 
https://english.freejobsrecruitment.com/flipkart-jobs-flipkart-recruitment-for-freshers/"
2024-10-16 05:54:04+00:00,-1002129137971,"Tech Mahindra Recruitment For Freshers 

Any Graduate 

15 Days Training + Job 

Salary : 4 LPA 

Apply Link ğŸ‘‡ğŸ»ğŸ‘‡ğŸ»ğŸ‘‡ğŸ» 
https://english.freejobsrecruitment.com/tech-mahindra-jobs-latest-tech-mahindra-recruitment-2024/"
2024-10-16 03:31:24+00:00,-1002129137971,"Genpact Recruitment For Freshers 

Any Graduate 

Job Role : Process Developer 

Salary : 6.5 LPA 

Apply Link ğŸ‘‡ğŸ»ğŸ‘‡ğŸ»ğŸ‘‡ğŸ»ğŸ‘‡ğŸ» 
https://english.freejobsrecruitment.com/genpact-jobs-genpact-recruitment-for-freshers-2/"
2024-10-15 17:20:00+00:00,-1002129137971,"Wipro Recruitment for Freshers 

Any Graduate 

Direct Joining Jobs 

Apply Link ğŸ‘‡ğŸ»ğŸ‘‡ğŸ»ğŸ‘‡ğŸ» 
https://indiajobszone.com/wipro-jobs/"
2024-10-15 07:08:04+00:00,-1002129137971,"Paytm Recruitment For Freshers 

Any Graduate 

Salary : 5.5 LPA 

Apply Link ğŸ‘‡ğŸ»ğŸ‘‡ğŸ»ğŸ‘‡ğŸ» 
https://english.freejobsrecruitment.com/paytm-jobs-paytm-recruitment-for-freshers/"
2024-10-15 06:29:16+00:00,-1002129137971,"*ğŸ’¥ğŸ˜Exciting Opportunity ğŸ˜ğŸ’¥*

Software Training now available in your native language.

Telugu,Tamil , Kannada, Hindi 

Eligibility:- BTech (all branches), BSc, BCom, BBA, etc.

Year Of Passout:- 2018 to 2025 GraduatesÂ 

Get High Paying Software Job In 3 Steps 

Step 1 :- *Book a FREE Demo*ğŸ‘‡ 

https://ccbp.in/intensive/referral?utm_source=affiliate&utm_medium=affiliate-dashboard&utm_campaign=affiliate-demo&invite_code=ATCE5G

Step 2 :- Enroll For The Training & Start Learning The Skills 

Step 3 :- Apply To The Companies & Get Placed in IT companies.

ğŸ‰Don't miss this opportunity ğŸ¤—"
2024-10-15 03:34:17+00:00,-1002129137971,"Oracle Recruitment For Freshers 

Any Graduate 

Salary : 7.5 LPA 

Apply Link ğŸ‘‡ğŸ»ğŸ‘‡ğŸ»ğŸ‘‡ğŸ» 
https://english.freejobsrecruitment.com/oracle-jobs-oracle-recruitment-for-freshers/"
2024-10-15 02:36:43+00:00,-1002129137971,"Phone pe Recruitment For Freshers 

Any Graduate 

KYC Verification Jobs 

Salary : 5.8 LPA

Apply Link ğŸ‘‡ğŸ»ğŸ‘‡ğŸ»ğŸ‘‡ğŸ» 
https://english.freejobsrecruitment.com/phone-pe-jobs-latest-phone-pe-recruitment-for-freshers/"
2024-10-14 10:55:28+00:00,-1002129137971,"HCL Recruitment For Freshers 

Any Graduate 

Software Engineer Jobs 

Salary : 6.5 LPA 

Apply Link ğŸ‘‡ğŸ»ğŸ‘‡ğŸ»ğŸ‘‡ğŸ» 
https://english.freejobsrecruitment.com/hcl-jobs-latest-hcl-recruitment-2024/"
2024-10-14 09:20:16+00:00,-1002129137971,"Agriculture Department Jobs 

Qualification : 10th Pass 

Assistant Jobs 

No Fee | No Exam | No Exp

Selection Process : Merit Base 

Full Details & Apply Link ğŸ‘‡ğŸ»ğŸ‘‡ğŸ»ğŸ‘‡ğŸ» 
https://indiajobszone.com/agriculture-jobs-icar-notification-2024-govt-jobs/"
2024-10-14 07:30:17+00:00,-1002129137971,"Don't Miss This Opportunity 

Deloitte Recruitment For Freshers 

Any Graduate 

Salary : 8 LPA 

Apply Link ğŸ‘‡ğŸ»ğŸ‘‡ğŸ»ğŸ‘‡ğŸ» 
https://english.freejobsrecruitment.com/deloitte-jobs-deloitte-recruitment-for-freshers/"
2024-10-14 05:06:56+00:00,-1002129137971,"Work From Home Jobs 

Sony Recruitment For Freshers 

6 months Training + Job 

Any Graduate 

Salary : 4.8 LPA 

Apply Link ğŸ‘‡ğŸ»ğŸ‘‡ğŸ»ğŸ‘‡ğŸ» 
https://english.freejobsrecruitment.com/sony-recruitment-for-freshers-sony-jobs/"
2024-10-12 11:30:50+00:00,-1002129137971,"Work From Home Jobs 

Amazon Recruitment For Freshers 

Any Graduate 

6 Weeks Training + Job 

Apply Link ğŸ‘‡ğŸ»ğŸ‘‡ğŸ»ğŸ‘‡ğŸ» 
https://indiajobszone.com/amazon-recruitment-for-freshers-amazon-jobs/"
2024-10-12 03:07:52+00:00,-1002129137971,"Work From Home Jobs 

Ditto Recruitment For Freshers 

Any Graduate 

2 Weeks Training + Job 

Salary : 4 LPA 

Apply Link ğŸ‘‡ğŸ»ğŸ‘‡ğŸ»ğŸ‘‡ğŸ» 
https://english.freejobsrecruitment.com/ditto-recruitment-2024-work-from-home-jobs/"
2024-10-11 15:19:40+00:00,-1002129137971,"Genpact Recruitment For Freshers 

Any Graduate 

Salary : 6 LPA 

Apply Link ğŸ‘‡ğŸ»ğŸ‘‡ğŸ»ğŸ‘‡ğŸ» 
https://english.freejobsrecruitment.com/genpact-jobs-genpact-recruitment-for-freshers/"
2024-10-11 07:22:17+00:00,-1002129137971,"TCS Recruitment For Freshers 

Internship + Job 

Any Graduate

Salary : 4.5 LPA 

Apply Link ğŸ‘‡ğŸ»ğŸ‘‡ğŸ»ğŸ‘‡ğŸ» 
https://english.freejobsrecruitment.com/tcs-recruitment-2024-tcs-jobs-for-freshers/"
2024-10-11 04:17:20+00:00,-1002129137971,"Google Recruitment For Freshers 

Any Graduate 

Job Role : Content Specialist 

3 Months Training + Job 

Salary : 8 LPA 

Apply Link ğŸ‘‡ğŸ»ğŸ‘‡ğŸ»ğŸ‘‡ğŸ» 
https://english.freejobsrecruitment.com/google-jobs-google-recruitment-for-freshers/"
2024-10-11 03:23:07+00:00,-1002129137971,"EY Bulk Recruitment For Freshers 

Any Graduate 

Salary : 50,000 / Month 

Apply Link ğŸ‘‡ğŸ»ğŸ‘‡ğŸ»ğŸ‘‡ğŸ» 
https://english.freejobsrecruitment.com/ey-jobs-latest-ey-recruitment-for-freshers/"
2024-10-10 09:22:01+00:00,-1002129137971,"Govt Jobs 

YIL Notification 2024 

4,039 Vacancies 

Qualification : 10th 

Selection : Merit 

Apply Link ğŸ‘‡ğŸ»ğŸ‘‡ğŸ»ğŸ‘‡ğŸ» 
https://indiajobszone.com/govt-jobs-latest-yil-notification-2024/"
2024-10-10 08:11:02+00:00,-1002129137971,"KPMG Recruitment For Freshers 

Any Graduate 

Salary : 7.5 LPA 

Apply Link ğŸ‘‡ğŸ»ğŸ‘‡ğŸ»ğŸ‘‡ğŸ» 
https://english.freejobsrecruitment.com/kpmg-jobs-kpmg-recruitment-for-freshers/"
2024-10-10 06:36:28+00:00,-1002129137971,"Hello Friends...
We created instagram page.. Please follow this page & support us
Page Link : 
https://www.instagram.com/reel/DA7f_Zov8iV/?igsh=bG5jcWNkcDRsYnNk"
2024-10-10 06:35:23+00:00,-1002129137971,"PWC Recruitment For Freshers 

Any Graduate 

Salary : 8 LPA 

Apply Link ğŸ‘‡ğŸ»ğŸ‘‡ğŸ»ğŸ‘‡ğŸ» 
https://english.freejobsrecruitment.com/pwc-jobs-latest-pwc-recruitment-for-freshers/"
2024-10-10 02:40:00+00:00,-1002129137971,"Work From Home Jobs 

Cognizant Recruitment For Freshers 

Any Graduate 

45 Days Training + Job 

Apply Link ğŸ‘‡ğŸ»ğŸ‘‡ğŸ»ğŸ‘‡ğŸ» 
https://english.freejobsrecruitment.com/work-from-home-jobs-cognizant-recruitment-for-freshers/"
2024-10-09 16:16:01+00:00,-1002129137971,"Phone Pe Recruitment For Freshers 

Any Graduate 

Salary : 4.8 LPA 

Apply Link ğŸ‘‡ğŸ»ğŸ‘‡ğŸ»ğŸ‘‡ğŸ» 
https://indiajobszone.com/phone-pe-jobs-phone-pe-recruitment-for-freshers/"
2024-10-09 11:55:48+00:00,-1002129137971,"Work From Home Jobs 

Telus International Recruitment For Freshers 

Any Graduate 

Salary : 4.5 LPA 

Apply Link ğŸ‘‡ğŸ»ğŸ‘‡ğŸ»ğŸ‘‡ğŸ» 
https://english.freejobsrecruitment.com/work-from-home-jobs-telus-international-recruitment-for-freshers/"
2024-10-09 05:55:11+00:00,-1002129137971,"Postal Department Notification 2024

No Fee - No Exam 

Selection : Merit Base 

Salary : 45,000 

Apply Link ğŸ‘‡ğŸ»ğŸ‘‡ğŸ»ğŸ‘‡ğŸ» 
https://indiajobszone.com/postal-jobs-postal-department-notification-2024/"
2024-10-09 03:35:24+00:00,-1002129137971,"Infosys Recruitment For Freshers 

Any Graduate 

2 Months Training + Job 

Salary : 4.8 LPA 

Apply Link ğŸ‘‡ğŸ»ğŸ‘‡ğŸ»ğŸ‘‡ğŸ» 
https://english.freejobsrecruitment.com/infosys-jobs-infosys-recruitment-for-freshers/"
2024-10-09 02:19:12+00:00,-1002129137971,"Don't Miss This Opportunity 

Flipkart Bulk Hiring started 

Any Graduate 

15 Days Training + Job 

Apply Link ğŸ‘‡ğŸ»ğŸ‘‡ğŸ»ğŸ‘‡ğŸ» 
https://english.freejobsrecruitment.com/flipkart-recruitment-for-freshers-flipkart-jobs/"
2024-10-08 15:56:13+00:00,-1002129137971,"Income Tax Department Notification 2024 

Qualification : 10th 

No Fee - No Exam 

Selection : Merit Base 

Salary : 40,000 

Full Details & Apply Link ğŸ‘‡ğŸ»ğŸ‘‡ğŸ»ğŸ‘‡ğŸ» 
https://indiajobszone.com/income-tax-department-notification-2024-govt-jobs/"
2024-10-08 14:29:31+00:00,-1002129137971,
2024-10-08 14:29:31+00:00,-1002129137971,
2024-10-08 14:29:30+00:00,-1002129137971,"*ğŸ’¥ğŸ˜Exciting Opportunity ğŸ˜ğŸ’¥*

Software Training now available in your native language.

Telugu,Tamil , Kannada, Hindi 

Eligibility:- BTech (all branches), BSc, BCom, BBA, etc.

Year Of Passout:- 2018 to 2024 GraduatesÂ 

Get High Paying Software Job In 3 Steps 

Step 1 :- *Book a FREE Demo*ğŸ‘‡ 

https://ccbp.in/intensive/referral?utm_source=affiliate&utm_medium=affiliate-dashboard&utm_campaign=affiliate-demo&invite_code=ATCE5G

Step 2 :- Enroll For The Training & Start Learning The Skills 

Step 3 :- Apply To The Companies & Get Placed in IT companies.

ğŸ‰Don't miss this opportunity ğŸ¤—"
2024-10-08 11:42:02+00:00,-1002129137971,"Don't Miss This Opportunity 

Wipro Bulk Recruitment For Freshers 

Any Graduate 

2 Months Training + Job 

Salary : 4.8 LPA 

Apply Link ğŸ‘‡ğŸ»ğŸ‘‡ğŸ»ğŸ‘‡ğŸ» 
https://english.freejobsrecruitment.com/latest-wipro-recruitment-2024-wipro-jobs-5/"
2024-10-08 05:16:06+00:00,-1002129137971,"Tech Mahindra Recruitment For Freshers 

15 Days Training + Job 

12th Pass Only 

Salary : 4.5 LPA 

Apply Link ğŸ‘‡ğŸ»ğŸ‘‡ğŸ»ğŸ‘‡ğŸ» 
https://english.freejobsrecruitment.com/latest-tech-mahindra-recruitment-2024-jobs-for-freshers/"
2024-10-08 02:54:14+00:00,-1002129137971,"Phone pe Recruitment For Freshers 

Any Graduate 

No Fee | No Exam | No Exp 

Salary : 35,000 / Month 

Apply Link ğŸ‘‡ğŸ»ğŸ‘‡ğŸ»ğŸ‘‡ğŸ» 
https://english.freejobsrecruitment.com/latest-phone-pe-recruitment-2024-jobs-for-freshers/"
2024-10-08 02:18:47+00:00,-1002129137971,"Work From Home Jobs 

Cognizant Bulk Recruitment For Freshers 

Any Graduate 

45 Days Training + Job 

Salary : 4 LPA 

Apply Link ğŸ‘‡ğŸ»ğŸ‘‡ğŸ»ğŸ‘‡ğŸ» 
https://english.freejobsrecruitment.com/latest-cognizant-recruitment-2024-jobs-for-freshers/"
2024-10-07 15:20:09+00:00,-1002129137971,"Agriculture Department Notification 2024 

No Fee - No Exam 

Direct Interview 

Apply Link ğŸ‘‡ğŸ»ğŸ‘‡ğŸ»ğŸ‘‡ğŸ» 
https://indiajobszone.com/agriculture-jobs-acharya-n-g-ranga-agriculture-university-notification-2024/"
2024-10-06 15:41:32+00:00,-1002129137971,"Microsoft Recruitment for freshers 

Qualification:Any Graduate 

Salary: 8 LPA

Apply Link:ğŸ‘‡ğŸ‘‡ğŸ‘‡
https://english.freejobsrecruitment.com/latest-microsoft-recruitment-2024-jobs-for-freshers/"
2024-10-06 13:51:08+00:00,-1002129137971,"KPMG Recruitment for freshers 


Qualification: Any Graduate 


Salary:6.5 LPA

Apply Link:ğŸ‘‡ğŸ‘‡ğŸ‘‡ 
https://english.freejobsrecruitment.com/latest-kpmg-recruitment-2024-jobs-for-freshers/"
2024-10-06 12:57:53+00:00,-1002129137971,"Google Recruitment for freshers 
Qualification:Any Graduate 

Salary: 7 LPA 

Apply Link: ğŸ‘‡ğŸ‘‡ğŸ‘‡
https://english.freejobsrecruitment.com/latest-google-recruitment-2024-jobs-for-freshers/"
2024-10-05 16:59:01+00:00,-1002129137971,"Telus international recruitment for freshers 

Qualification: Any Graduate 

Salary:3.6 LPA

Apply Link:ğŸ‘‡ğŸ‘‡ğŸ‘‡
https://english.freejobsrecruitment.com/latest-telus-international-recruitment-2024jobs-for-freshers/"
2024-10-05 15:56:42+00:00,-1002129137971,"Wipro recruitment for freshers 

Qualification: Any Graduate 

Salary:6 LPA

Apply Link:ğŸ‘‡ğŸ‘‡ğŸ‘‡
https://english.freejobsrecruitment.com/latest-wipro-recruitment-2024-jobs-for-freshers/"
2024-10-05 12:14:02+00:00,-1002129137971,"Amazon Recruitment for freshers 

Qualification:Any Graduate

Salary:4 LPA

Apply Link: ğŸ‘‡ğŸ‘‡ğŸ‘‡
https://english.freejobsrecruitment.com/latest-amazon-recruitment-2024-jobs-for-freshers/"
2024-10-05 08:09:01+00:00,-1002129137971,"Tata Communication Recruitment for freshers 

Qualification:Any Graduate 


Salary:4.5 LPA

Apply Link:ğŸ‘‡ğŸ‘‡ğŸ‘‡
https://english.freejobsrecruitment.com/latest-tata-communications-recruitment-2024-jobs-for-freshers/"
2024-10-05 05:07:01+00:00,-1002129137971,"Deloitte Recruitment for freshers 

Qualification:Any Graduate 



Salary:7 LPA 

Apply Link:ğŸ‘‡ğŸ‘‡ğŸ‘‡
https://english.freejobsrecruitment.com/latest-deloitte-recruitment-2024jobs-for-freshers/"
2024-10-05 02:06:01+00:00,-1002129137971,"KPMG Recruitment for freshers 

Qualification:Any Graduate 


Salary:7 LPA

Apply Link:ğŸ‘‡ğŸ‘‡ğŸ‘‡
https://english.freejobsrecruitment.com/latest-kpmg-recruitment-2024-jobs-for-frehers/"
2024-10-04 10:14:01+00:00,-1002129137971,"Genpact recruitment for freshers 

Qualification:Any Graduate 

Salary: 4.8 LPA

Apply Link:ğŸ‘‡ğŸ‘‡ğŸ‘‡
https://english.freejobsrecruitment.com/latest-genpact-recruitment-2024-job-for-freshers/"
2024-10-04 08:13:01+00:00,-1002129137971,"Goldman Sachs Recruitment for freshers 

Qualification:Any Graduate 

Salary:8 LPA

Apply Link: ğŸ‘‡ğŸ‘‡ğŸ‘‡
https://english.freejobsrecruitment.com/latest-goldman-sachs-recruitment-2024-jobs-for-freshers/"
2024-10-04 06:50:54+00:00,-1002129137971,"Capgemini recruitment for freshers 

Qualification:Any Graduate 

Salary:7.5 LPA

Apply Link:ğŸ‘‡ğŸ‘‡ğŸ‘‡
https://english.freejobsrecruitment.com/latest-capgemini-recruitment-2024-jobs-for-freshers/"
2024-10-04 06:45:52+00:00,-1002129137971,"Infosys Recruitment for freshers 

Qualification:Any Graduate 

Salary:4.2 LPA

Apply Link:ğŸ‘‡ğŸ‘‡ğŸ‘‡
https://english.freejobsrecruitment.com/latest-infosys-recruitment-2024-jobs-for-freshers/"
2024-10-04 04:40:51+00:00,-1002129137971,"Concentrix Recruitment for freshers 


Qualification:Any Graduate 


Salary:4.5 LPA

Apply Link:ğŸ‘‡ğŸ‘‡ğŸ‘‡
https://english.freejobsrecruitment.com/latest-concentrix-recruitment-2024-jobs-for-freshers/"
2024-10-04 03:37:01+00:00,-1002129137971,"Oracle Recruitment for freshers 

Qualification:Any Graduate 

Salary:7 LPA

Apply Link:ğŸ‘‡ğŸ‘‡ğŸ‘‡
https://english.freejobsrecruitment.com/latest-oracle-recruitment-2024-jobs-for-freshers/"
2024-10-04 02:34:01+00:00,-1002129137971,"Amazon Recruitment for freshers 

Qualification:Any Graduate

Salary:4 LPA

Apply Link: ğŸ‘‡ğŸ‘‡ğŸ‘‡
https://english.freejobsrecruitment.com/latest-amazon-recruitment-2024-jobs-for-freshers/"
2024-10-03 18:29:59+00:00,-1002129137971,"Concentrix Recruitment for freshers

Qualification:Any Graduate 

Salary:4.5 LPA

Apply Link:ğŸ‘‡ğŸ‘‡ğŸ‘‡
https://english.freejobsrecruitment.com/latest-concentrix-recruitment-2024-jobs-for-freshers/"
2024-10-02 07:21:30+00:00,-1002129137971,"PWC Recruitment For Freshers 

Any Graduate 

Salary : 8 LPA 

Apply Link ğŸ‘‡ğŸ»ğŸ‘‡ğŸ»ğŸ‘‡ğŸ» 
https://english.freejobsrecruitment.com/latest-pwc-recruitment-2024-pwc-jobs/"
2024-10-02 06:19:21+00:00,-1002129137971,"Paytm Recruitment For Freshers 

Any Graduate 

3 Months Training + Job 

Salary : 4.8 LPA 

Apply Link ğŸ‘‡ğŸ»ğŸ‘‡ğŸ»ğŸ‘‡ğŸ» 
https://english.freejobsrecruitment.com/latest-paytm-recruitment-for-freshers-paytm-jobs/"
2024-10-02 04:27:01+00:00,-1002129137971,"Accenture Recruitment For Freshers 

Any Graduate 

Salary : 4.6 LPA 

Apply Link ğŸ‘‡ğŸ»ğŸ‘‡ğŸ»ğŸ‘‡ğŸ» 
https://english.freejobsrecruitment.com/latest-accenture-recruitment-for-freshers-accenture-jobs/"
2024-10-02 03:04:51+00:00,-1002129137971,"Flipkart Recruitment For Freshers 

12th Pass Only 

15 Days Training + Job

Apply Link ğŸ‘‡ğŸ»ğŸ‘‡ğŸ»ğŸ‘‡ğŸ» 
https://english.freejobsrecruitment.com/latest-flipkart-recruitment-2024-flipkart-jobs/"
2024-10-01 09:04:52+00:00,-1002129137971,"Wipro Mass Hiring For Freshers 

Any Graduate 

6 Weeks Training + Job 

Salary : 4.5 LPA 

Apply Link ğŸ‘‡ğŸ»ğŸ‘‡ğŸ»ğŸ‘‡ğŸ» 
https://english.freejobsrecruitment.com/latest-wipro-recruitment-2024-wipro-jobs-4/"
2024-10-01 04:02:25+00:00,-1002129137971,"Genpact Recruitment For Freshers 

Any Graduate 

4 Weeks Training + Job 

Salary : 4 LPA 

Apply Link ğŸ‘‡ğŸ»ğŸ‘‡ğŸ»ğŸ‘‡ğŸ» 
https://english.freejobsrecruitment.com/latest-genpact-recruitment-2024-genpact-jobs/"
2024-10-01 02:57:20+00:00,-1002129137971,"Latest Myntra Recruitment For Freshers 

Any Graduate 

4 Months Training + Job 

Salary : 7 LPA 

Apply Link ğŸ‘‡ğŸ»ğŸ‘‡ğŸ»ğŸ‘‡ğŸ» 
https://english.freejobsrecruitment.com/latest-myntra-recruitment-2024-myntra-jobs/"
2024-09-30 06:54:06+00:00,-1002129137971,"Tech Mahindra Recruitment For Freshers 

Any Graduate 

15 Days Training + Job 

Salary : 4 LPA 

Apply Link ğŸ‘‡ğŸ»ğŸ‘‡ğŸ»ğŸ‘‡ğŸ» 
https://english.freejobsrecruitment.com/latest-tech-mahindra-recruitment-2024-tech-mahindra-jobs/"
2024-09-30 05:08:57+00:00,-1002129137971,"Barclays Recruitment For Freshers 

Any Graduate 

Data Engineer 

Salary : 8 - 13 LPA 

Apply Link ğŸ‘‡ğŸ»ğŸ‘‡ğŸ»ğŸ‘‡ğŸ» 
https://mohancareers.com/latest-barclays-recruitment-2024-barclays-jobs/"
2024-09-30 03:31:01+00:00,-1002129137971,"Work From Home Jobs 

Cognizant Recruitment For Freshers 

Any Graduate 

2 Months Training + Job 

Salary : 5 LPA 

Apply Link ğŸ‘‡ğŸ»ğŸ‘‡ğŸ»ğŸ‘‡ğŸ» 
https://english.freejobsrecruitment.com/latest-cognizant-recruitment-2024-cognizant-jobs-2/"
2024-09-30 01:59:09+00:00,-1002129137971,"TCS Recruitment For Freshers 

Any Graduate 

6 Months Training + Job 

Salary: 6 LPA 

Apply Link ğŸ‘‡ğŸ»ğŸ‘‡ğŸ»ğŸ‘‡ğŸ»ğŸ‘‡ğŸ» 
https://english.freejobsrecruitment.com/latest-tcs-recruitment-2024-tcs-jobs-2/"
2024-09-29 10:55:58+00:00,-1002129137971,"Google Bulk Recruitment For Freshers 

Any Graduate 

6 Months Training + Job 

Salary : 80,000 / Month 

Apply Link ğŸ‘‡ğŸ»ğŸ‘‡ğŸ»ğŸ‘‡ğŸ» 
https://english.freejobsrecruitment.com/latest-google-recruitment-for-freshers-google-jobs/"
2024-09-29 07:25:59+00:00,-1002129137971,"Infosys Mass Hiring For Freshers 

Any Graduate 

500 Vacancies 

Salary : 4.5 LPA 

Apply Link ğŸ‘‡ğŸ»ğŸ‘‡ğŸ»ğŸ‘‡ğŸ» 
https://english.freejobsrecruitment.com/latest-infosys-recruitment-2023-infosys-jobs/"
2024-09-29 06:23:40+00:00,-1002129137971,"Amazon Recruitment For Freshers 

Any Graduate 

6 Weeks Training + Job 

Salary : 4 LPA 

Apply Link ğŸ‘‡ğŸ»ğŸ‘‡ğŸ»ğŸ‘‡ğŸ» 
https://english.freejobsrecruitment.com/latest-amazon-recruitment-2024-amazon-jobs/"
