date,sender_id,message,cleaned_message,sentiment
2024-11-27 14:16:15+00:00,-1002129137971,"EY Recruitment For Freshers 

Any Graduate 

Salary : 8 LPA 

Apply Link ğŸ‘‡ğŸ»ğŸ‘‡ğŸ»ğŸ‘‡ğŸ» 
https://english.freejobsrecruitment.com/ey-jobs-latest-ey-recruitment-for-freshers-3/","ey recruitment for freshers 

any graduate 

salary  8 lpa 

apply link  
",0.0
2024-11-27 11:59:33+00:00,-1002129137971,"Sutherland Recruitment For Freshers 

Any Graduate 

4 Weeks Training + Job 

Salary : 4.5 LPA 

Apply Link ğŸ‘‡ğŸ»ğŸ‘‡ğŸ»ğŸ‘‡ğŸ» 
https://english.freejobsrecruitment.com/sutherland-jobs-latest-sutherland-recruitment-2024-2/","sutherland recruitment for freshers 

any graduate 

4 weeks training  job 

salary  45 lpa 

apply link  
",0.0
2024-11-27 05:15:50+00:00,-1002129137971,"HCL Tech Recruitment For Freshers 

Any Graduate 

2 Weeks Training + Job 

Salary : 4 LPA 

Apply Link ğŸ‘‡ğŸ»ğŸ‘‡ğŸ»ğŸ‘‡ğŸ» 
https://english.freejobsrecruitment.com/hcl-tech-jobs-latest-hcl-tech-recruitment-2024/","hcl tech recruitment for freshers 

any graduate 

2 weeks training  job 

salary  4 lpa 

apply link  
",0.0
2024-11-27 03:30:52+00:00,-1002129137971,"Zomato Bulk Recruitment For Freshers 

Any Graduate 

3 Months Training + Job 

Salary : 5 LPA 

Apply Link ğŸ‘‡ğŸ»ğŸ‘‡ğŸ»ğŸ‘‡ğŸ» 
https://english.freejobsrecruitment.com/zomato-jobs-latest-zomato-recruitment-2024/","zomato bulk recruitment for freshers 

any graduate 

3 months training  job 

salary  5 lpa 

apply link  
",0.0
2024-11-26 09:09:32+00:00,-1002129137971,"Genpact Recruitment For Freshers 

Any Graduate 

12 Weeks Training + Job 

Salary : 8 LPA 

Apply Link ğŸ‘‡ğŸ»ğŸ‘‡ğŸ»ğŸ‘‡ğŸ» 
https://english.freejobsrecruitment.com/latest-genpact-recruitment-2024-analyst-genpact-jobs/","genpact recruitment for freshers 

any graduate 

12 weeks training  job 

salary  8 lpa 

apply link  
",0.0
2024-11-26 07:58:01+00:00,-1002129137971,"Work From Home Jobs 

Cognizant Bulk Hiring For Freshers 

Any Graduate 

Software Engineer Jobs 

3 Months Training + Job 

Salary : 6.5 LPA 

Apply Link ğŸ‘‡ğŸ»ğŸ‘‡ğŸ»ğŸ‘‡ğŸ» 
https://english.freejobsrecruitment.com/cognizant-jobs-latest-cognizant-recruitment-2024-3/","work from home jobs 

cognizant bulk hiring for freshers 

any graduate 

software engineer jobs 

3 months training  job 

salary  65 lpa 

apply link  
",0.0
2024-11-26 06:25:52+00:00,-1002129137971,"Goldman Sachs Recruitment For Freshers 

Any Graduate 

Salary : 5.5 LPA 

Apply Link ğŸ‘‡ğŸ»ğŸ‘‡ğŸ»ğŸ‘‡ğŸ» 
https://english.freejobsrecruitment.com/goldman-sachs-jobs-latest-goldman-sachs-recruitment-2024/","goldman sachs recruitment for freshers 

any graduate 

salary  55 lpa 

apply link  
",0.0
2024-11-26 05:18:01+00:00,-1002129137971,"Capgemini Recruitment For Freshers 

Any Graduate 

Chat Process Jobs 

2 Weeks Training + Job 

Salary : 4 LPA 

Apply Link ğŸ‘‡ğŸ»ğŸ‘‡ğŸ»ğŸ‘‡ğŸ» 
https://english.freejobsrecruitment.com/capgemini-jobs-latest-capgemini-recruitment-2024-2/","capgemini recruitment for freshers 

any graduate 

chat process jobs 

2 weeks training  job 

salary  4 lpa 

apply link  
",0.0
2024-11-26 03:55:42+00:00,-1002129137971,"Deloitte Recruitment For Freshers 

Any Graduate 

12 Weeks Training + Jobs 

Salary : 8 LPA 

Apply Link ğŸ‘‡ğŸ»ğŸ‘‡ğŸ»ğŸ‘‡ğŸ» 
https://english.freejobsrecruitment.com/deloitte-recruitment-2024-deloitte-jobs-for-freshers/","deloitte recruitment for freshers 

any graduate 

12 weeks training  jobs 

salary  8 lpa 

apply link  
",0.0
2024-11-25 13:52:19+00:00,-1002129137971,"Tech Mahindra Recruitment For Freshers 

Any Graduate 

2 Weeks Training + Job 

Salary : 3 LPA 

Apply Link ğŸ‘‡ğŸ»ğŸ‘‡ğŸ» 
https://english.freejobsrecruitment.com/tech-mahindra-jobs-latest-tech-mahindra-recruitment-2024-5/","tech mahindra recruitment for freshers 

any graduate 

2 weeks training  job 

salary  3 lpa 

apply link  
",0.0
2024-11-25 06:17:20+00:00,-1002129137971,"Starbucks Recruitment For Freshers 

Any Graduate 

Salary : 8 LPA 

Pan India Recruitment 

Apply Link ğŸ‘‡ğŸ»ğŸ‘‡ğŸ»ğŸ‘‡ğŸ» 
https://english.freejobsrecruitment.com/starbucks-jobs-latest-starbucks-recruitment-2024/","starbucks recruitment for freshers 

any graduate 

salary  8 lpa 

pan india recruitment 

apply link  
",0.0
2024-11-25 04:57:02+00:00,-1002129137971,"Phone Pe Recruitment For Freshers 

Any Graduate 

2 Weeks Training + Job

Salary : 6 LPA 

Apply Link ğŸ‘‡ğŸ»ğŸ‘‡ğŸ»ğŸ‘‡ğŸ» 
https://english.freejobsrecruitment.com/phone-pe-jobs-latest-phone-pe-recruitment-2024-2/","phone pe recruitment for freshers 

any graduate 

2 weeks training  job

salary  6 lpa 

apply link  
",0.0
2024-11-25 04:02:45+00:00,-1002129137971,"Infosys Bulk Recruitment For Freshers 

Any Graduate 

3 Months Training + Job 

Salary : 35,000 / Month 

Apply Link ğŸ‘‡ğŸ»ğŸ‘‡ğŸ»ğŸ‘‡ğŸ» 
https://english.freejobsrecruitment.com/infosys-jobs-latest-infosys-recruitment-2024-internship/","infosys bulk recruitment for freshers 

any graduate 

3 months training  job 

salary  35000  month 

apply link  
",0.0
2024-11-25 02:40:51+00:00,-1002129137971,"EY Recruitment For Freshers 

Any Graduate 

3 Months Training + Job 

Salary : 8 LPA 

Apply Link ğŸ‘‡ğŸ»ğŸ‘‡ğŸ»ğŸ‘‡ğŸ» 
https://english.freejobsrecruitment.com/ey-jobs-latest-ey-recruitment-for-freshers-2/","ey recruitment for freshers 

any graduate 

3 months training  job 

salary  8 lpa 

apply link  
",0.0
2024-11-23 07:06:26+00:00,-1002129137971,"Work From Home Jobs 

Yatra Recruitment For Freshers 

10th Pass Only 

7 Days Training + Job 

Salary : 30,000 / Month 

Apply Link ğŸ‘‡ğŸ»ğŸ‘‡ğŸ»ğŸ‘‡ğŸ» 
https://english.freejobsrecruitment.com/work-from-home-jobs-latest-yatra-recruitment-2024/","work from home jobs 

yatra recruitment for freshers 

10th pass only 

7 days training  job 

salary  30000  month 

apply link  
",0.0
2024-11-23 04:35:20+00:00,-1002129137971,"Genpact Recruitment For Freshers 

Any Graduate 

12 Weeks Training + Job 

Salary : 8 LPA 

Apply Link ğŸ‘‡ğŸ»ğŸ‘‡ğŸ»ğŸ‘‡ğŸ» 
https://english.freejobsrecruitment.com/latest-genpact-recruitment-2024-analyst-genpact-jobs/","genpact recruitment for freshers 

any graduate 

12 weeks training  job 

salary  8 lpa 

apply link  
",0.0
2024-11-23 03:35:24+00:00,-1002129137971,"Don't Miss This Opportunity 

Swiggy Recruitment For Freshers 

Any Graduate 

3 Months Training + Job 

Salary : 6 LPA 

Apply Link ğŸ‘‡ğŸ»ğŸ‘‡ğŸ»ğŸ‘‡ğŸ» 
https://english.freejobsrecruitment.com/swiggy-jobs-latest-swiggy-recruitment-2024/","dont miss this opportunity 

swiggy recruitment for freshers 

any graduate 

3 months training  job 

salary  6 lpa 

apply link  
",0.571
2024-11-23 02:25:54+00:00,-1002129137971,"TCS Recruitment For Freshers 

Any Graduate 

Salary : 5 LPA 

Apply Link ğŸ‘‡ğŸ»ğŸ‘‡ğŸ»ğŸ‘‡ğŸ» 
https://english.freejobsrecruitment.com/tcs-jobs-tcs-recruitment-for-freshers-2/","tcs recruitment for freshers 

any graduate 

salary  5 lpa 

apply link  
",0.0
2024-11-22 12:28:52+00:00,-1002129137971,"Amazon Bulk Recruitment For Freshers 

Any Graduate 

45 Days Training + Job 

Salary : 35,000 / Month 

Apply Link ğŸ‘‡ğŸ»ğŸ‘‡ğŸ»ğŸ‘‡ğŸ» 
https://english.freejobsrecruitment.com/amazon-recruitment-for-freshers-amazon-jobs/","amazon bulk recruitment for freshers 

any graduate 

45 days training  job 

salary  35000  month 

apply link  
",0.1779
2024-11-22 10:24:31+00:00,-1002129137971,"Telangana Court Notification 2024 

Assistant Jobs 

10th Pass Only 

Selection Process : Merit 

Apply Link ğŸ‘‡ğŸ»ğŸ‘‡ğŸ»ğŸ‘‡ğŸ» 
https://indiajobszone.com/telangana-district-court-notification-2024-govt-jobs/","telangana court notification 2024 

assistant jobs 

10th pass only 

selection process  merit 

apply link  
",0.4215
2024-11-22 06:11:51+00:00,-1002129137971,"Zomato Bulk Recruitment For Freshers 

Any Graduate 

3 Months Training + Job 

Salary : 5 LPA 

Apply Link ğŸ‘‡ğŸ»ğŸ‘‡ğŸ»ğŸ‘‡ğŸ» 
https://english.freejobsrecruitment.com/zomato-jobs-latest-zomato-recruitment-2024/","zomato bulk recruitment for freshers 

any graduate 

3 months training  job 

salary  5 lpa 

apply link  
",0.0
2024-11-22 06:05:44+00:00,-1002129137971,"ğŸš¨ *Attention Graduates & Aspiring Software Professionals!* ğŸš¨

Donâ€™t fall for shortcuts! ğŸŒŸ *Getting an IT job* isnâ€™t an overnight processâ€”itâ€™s about learning the right, industry-relevant skills.

ğŸš€ *Introducing Intensive 3.0:* Your proven path to a dream software career! ğŸš€  
ğŸ“ *Learn from Top 1% MAANG Mentors*, with courses designed by IITians & Research Scholars.

ğŸ’¡ *Get FREE Guidance* on the complete roadmap to cracking top software jobs!  
ğŸ‰ *Book Your FREE Demo Now* and start your journey the right way ğŸ‘‡

ğŸ‘‰ https://ccbp.in/intensive/referral?utm_source=affiliate&utm_medium=affiliate-dashboard&utm_campaign=affiliate-demo&invite_code=ATCE5G"," attention graduates  aspiring software professionals 

dont fall for shortcuts  getting an it job isnt an overnight processits about learning the right industryrelevant skills

 introducing intensive 30 your proven path to a dream software career   
 learn from top 1 maang mentors with courses designed by iitians  research scholars

 get free guidance on the complete roadmap to cracking top software jobs  
 book your free demo now and start your journey the right way 

 ",0.8807
2024-11-22 04:46:01+00:00,-1002129137971,"Wipro Recruitment for Freshers 

Any Graduate 

Salary : 4.5 LPA 

Apply Link ğŸ‘‡ğŸ»ğŸ‘‡ğŸ»ğŸ‘‡ğŸ» 
https://english.freejobsrecruitment.com/wipro-jobs-latest-wipro-recruitment-for-freshers/","wipro recruitment for freshers 

any graduate 

salary  45 lpa 

apply link  
",0.0
2024-11-22 03:34:01+00:00,-1002129137971,"Google Bulk Recruitment For Freshers 

12 Weeks Training + Job 

Any Graduate 

Salary : 8 LPA 

Apply Link ğŸ‘‡ğŸ»ğŸ‘‡ğŸ»ğŸ‘‡ğŸ» 
https://english.freejobsrecruitment.com/google-recruitment-for-freshers-internship-job-google-jobs/","google bulk recruitment for freshers 

12 weeks training  job 

any graduate 

salary  8 lpa 

apply link  
",0.0
2024-11-22 02:21:26+00:00,-1002129137971,"Deloitte Recruitment For Freshers 

Any Graduate 

2 Months Training + Job 

Salary : 8 LPA 

Apply Link ğŸ‘‡ğŸ»ğŸ‘‡ğŸ»ğŸ‘‡ğŸ» 
https://english.freejobsrecruitment.com/latest-deloitte-recruitment-2024-associate-analyst-deloitte-jobs/","deloitte recruitment for freshers 

any graduate 

2 months training  job 

salary  8 lpa 

apply link  
",0.0
2024-11-21 13:58:08+00:00,-1002129137971,"Paytm Work From Home Jobs 

Any Graduate 

Internship + Job 

Salary : 4.5 LPA 

Apply Link ğŸ‘‡ğŸ»ğŸ‘‡ğŸ»ğŸ‘‡ğŸ» 
https://english.freejobsrecruitment.com/work-from-home-jobs-latest-paytm-recruitment-for-freshers/","paytm work from home jobs 

any graduate 

internship  job 

salary  45 lpa 

apply link  
",0.0
2024-11-21 10:34:53+00:00,-1002129137971,"Work From Home Jobs 

Ditto Recruitment For Freshers 

Any Graduate 

15 Days Training + Job 

Salary : 4 LPA 

Apply Link ğŸ‘‡ğŸ»ğŸ‘‡ğŸ»ğŸ‘‡ğŸ» 
https://english.freejobsrecruitment.com/ditto-jobs-latest-ditto-recruitment-2024/","work from home jobs 

ditto recruitment for freshers 

any graduate 

15 days training  job 

salary  4 lpa 

apply link  
",0.0
2024-11-21 04:05:33+00:00,-1002129137971,"Oracle Recruitment For Freshers 

Any Graduate | Analyst Jobs 

2 Months Training + Job 

Salary : 8 LPA 

Apply Link ğŸ‘‡ğŸ»ğŸ‘‡ğŸ»ğŸ‘‡ğŸ» 
https://english.freejobsrecruitment.com/latest-oracle-recruitment-2024-oracle-jobs/","oracle recruitment for freshers 

any graduate  analyst jobs 

2 months training  job 

salary  8 lpa 

apply link  
",0.0
2024-11-21 02:33:59+00:00,-1002129137971,"Tech Mahindra Recruitment For Freshers 

Immediate Joiners Preferred 

12th Pass Only 

Salary : 5.5 LPA 

Apply Link ğŸ‘‡ğŸ»ğŸ‘‡ğŸ»ğŸ‘‡ğŸ» 
https://english.freejobsrecruitment.com/tech-mahindra-jobs-latest-tech-mahindra-recruitment-2024-4/","tech mahindra recruitment for freshers 

immediate joiners preferred 

12th pass only 

salary  55 lpa 

apply link  
",0.0
2024-11-21 01:04:01+00:00,-1002129137971,"Work From Home Jobs 

Cognizant Recruitment For Freshers 

Any Graduate 

Salary : 8 LPA 

Apply Link ğŸ‘‡ğŸ»ğŸ‘‡ğŸ»ğŸ‘‡ğŸ» 
https://english.freejobsrecruitment.com/cognizant-jobs-latest-cognizant-recruitment-2024-2/","work from home jobs 

cognizant recruitment for freshers 

any graduate 

salary  8 lpa 

apply link  
",0.0
2024-11-20 13:40:24+00:00,-1002129137971,"Accenture Recruitment For Freshers 

Any Graduate 

2 Months Training + Job

Salary : 6 LPA

Apply Link ğŸ‘‡ğŸ»ğŸ‘‡ğŸ»ğŸ‘‡ğŸ» 
https://english.freejobsrecruitment.com/accenture-jobs-latest-accenture-recruitment-for-freshers/","accenture recruitment for freshers 

any graduate 

2 months training  job

salary  6 lpa

apply link  
",0.0
2024-11-20 11:28:50+00:00,-1002129137971,"Teleperformance Recruitment For Freshers 

12th Pass Only 

Salary : 20,000 / Month 

Apply Link ğŸ‘‡ğŸ» ğŸ‘‡ğŸ» ğŸ‘‡ğŸ» 

https://english.freejobsrecruitment.com/latest-teleperformance-recruitment-2024/","teleperformance recruitment for freshers 

12th pass only 

salary  20000  month 

apply link    

",0.0
2024-11-20 06:24:41+00:00,-1002129137971,"Flipkart Recruitment For Freshers 

12th Pass Only 

2 Weeks Training + Job 

Apply Link ğŸ‘‡ğŸ»ğŸ‘‡ğŸ»ğŸ‘‡ğŸ» 
https://english.freejobsrecruitment.com/flipkart-jobs-latest-flipkart-recruitment-for-freshers/","flipkart recruitment for freshers 

12th pass only 

2 weeks training  job 

apply link  
",0.0
2024-11-20 02:51:43+00:00,-1002129137971,"PWC Recruitment For Freshers 

Any Graduate 

Salary : 7.5 LPA 

Apply Link ğŸ‘‡ğŸ»ğŸ‘‡ğŸ»ğŸ‘‡ğŸ» 
https://english.freejobsrecruitment.com/latest-pwc-recruitment-2024-pwc-jobs-2/","pwc recruitment for freshers 

any graduate 

salary  75 lpa 

apply link  
",0.0
2024-11-20 00:55:15+00:00,-1002129137971,"HCL Recruitment For Freshers 

Mega Walk-In Drive 

Any Graduate 

Salary : 4 LPA 

Apply Link ğŸ‘‡ğŸ»ğŸ‘‡ğŸ»ğŸ‘‡ğŸ» 
https://english.freejobsrecruitment.com/latest-hcl-recruitment-2024-hcl-jobs/","hcl recruitment for freshers 

mega walkin drive 

any graduate 

salary  4 lpa 

apply link  
",0.0
2024-11-19 15:27:22+00:00,-1002129137971,"Sutherland Recruitment For Freshers 

Any Graduate 

Multiple Roles 

Direct Joining Jobs 

Apply Link ğŸ‘‡ğŸ»ğŸ‘‡ğŸ»ğŸ‘‡ğŸ» 
https://english.freejobsrecruitment.com/sutherland-jobs-latest-sutherland-recruitment-2024/","sutherland recruitment for freshers 

any graduate 

multiple roles 

direct joining jobs 

apply link  
",0.0
2024-11-19 09:57:39+00:00,-1002129137971,"Qualcomm Recruitment For Freshers 

Any Graduate 

2 Months Training + Job 

Salary : 8 LPA 

Apply Link ğŸ‘‡ğŸ»ğŸ‘‡ğŸ»ğŸ‘‡ğŸ» 
https://english.freejobsrecruitment.com/qualcomm-jobs-latest-qualcomm-recruitment-for-freshers/","qualcomm recruitment for freshers 

any graduate 

2 months training  job 

salary  8 lpa 

apply link  
",0.0
2024-11-19 05:59:41+00:00,-1002129137971,"EY Recruitment For Freshers 

Any Graduate 

Salary : 6 LPA 

Apply Link ğŸ‘‡ğŸ»ğŸ‘‡ğŸ»ğŸ‘‡ğŸ» 
https://english.freejobsrecruitment.com/ey-jobs-latest-ey-recruitment-2024-associate-analyst/","ey recruitment for freshers 

any graduate 

salary  6 lpa 

apply link  
",0.0
2024-11-19 04:04:01+00:00,-1002129137971,"Genpact Recruitment For Freshers 

Any Graduate 

Salary : 5 LPA 

Apply Link ğŸ‘‡ğŸ»ğŸ‘‡ğŸ»ğŸ‘‡ğŸ» 
https://english.freejobsrecruitment.com/genpact-recruitment-for-freshers-process-developer-genpact-jobs/","genpact recruitment for freshers 

any graduate 

salary  5 lpa 

apply link  
",0.0
2024-11-19 02:28:53+00:00,-1002129137971,"Work From Home Jobs 

Amazon Recruitment For Freshers 

Any Graduate 

Salary : 4 LPA 

Apply Link ğŸ‘‡ğŸ»ğŸ‘‡ğŸ»ğŸ‘‡ğŸ» 
https://english.freejobsrecruitment.com/amazon-jobs-work-from-home-jobs-2/","work from home jobs 

amazon recruitment for freshers 

any graduate 

salary  4 lpa 

apply link  
",0.1779
2024-11-19 00:55:15+00:00,-1002129137971,"IBM Recruitment For Freshers 

Any Graduate 

2 Months Training + Job 

Salary : 9 LPA 

Apply Link ğŸ‘‡ğŸ»ğŸ‘‡ğŸ»ğŸ‘‡ğŸ» 
https://english.freejobsrecruitment.com/latest-ibm-recruitment-for-freshers-ibm-jobs/","ibm recruitment for freshers 

any graduate 

2 months training  job 

salary  9 lpa 

apply link  
",0.0
2024-11-18 06:17:05+00:00,-1002129137971,"Concentrix Recruitment For Freshers 

Work From Home Jobs 

Any Graduate 

Salary : 4 LPA 

Apply Link ğŸ‘‡ğŸ»ğŸ‘‡ğŸ»ğŸ‘‡ğŸ» 
https://english.freejobsrecruitment.com/concentrix-jobs-latest-concentrix-recruitment-2024/","concentrix recruitment for freshers 

work from home jobs 

any graduate 

salary  4 lpa 

apply link  
",0.0
2024-11-18 03:33:01+00:00,-1002129137971,"Work From Home Jobs 

Paytm Bulk Recruitment 

10th Pass Only 

Salary : 60,000 / Month 

Apply Link ğŸ‘‡ğŸ»ğŸ‘‡ğŸ»ğŸ‘‡ğŸ» 
https://english.freejobsrecruitment.com/paytm-jobs-latest-paytm-recruitment-for-freshers/","work from home jobs 

paytm bulk recruitment 

10th pass only 

salary  60000  month 

apply link  
",0.0
2024-11-18 02:19:20+00:00,-1002129137971,"Tech Mahindra Recruitment For Freshers 

Any Graduate 

15 Days Training + Job 

Salary : 4.5 LPA 

Apply Link ğŸ‘‡ğŸ»ğŸ‘‡ğŸ»ğŸ‘‡ğŸ» 
https://english.freejobsrecruitment.com/tech-mahindra-jobs-latest-tech-mahindra-recruitment-2024-3/","tech mahindra recruitment for freshers 

any graduate 

15 days training  job 

salary  45 lpa 

apply link  
",0.0
2024-11-17 03:55:42+00:00,-1002129137971,"Capgemini Recruitment For Freshers 

Any Graduate 

Multiple Roles 

Salary : 3.25 LPA 

Apply Link ğŸ‘‡ğŸ»ğŸ‘‡ğŸ»ğŸ‘‡ğŸ» 
https://english.freejobsrecruitment.com/capgemini-jobs-latest-capgemini-recruitment-2024/","capgemini recruitment for freshers 

any graduate 

multiple roles 

salary  325 lpa 

apply link  
",0.0
2024-11-17 02:33:01+00:00,-1002129137971,"Sutherland Recruitment For Freshers 

Any Graduate 

Multiple Roles 

Direct Joining Jobs 

Apply Link ğŸ‘‡ğŸ»ğŸ‘‡ğŸ»ğŸ‘‡ğŸ» 
https://english.freejobsrecruitment.com/sutherland-jobs-latest-sutherland-recruitment-2024/","sutherland recruitment for freshers 

any graduate 

multiple roles 

direct joining jobs 

apply link  
",0.0
2024-11-17 01:06:15+00:00,-1002129137971,"Deloitte Recruitment For Freshers 

Any Graduate 

2 Months Training + Job 

Salary : 8 LPA 

Apply Link ğŸ‘‡ğŸ»ğŸ‘‡ğŸ»ğŸ‘‡ğŸ» 
https://english.freejobsrecruitment.com/latest-deloitte-recruitment-2024-associate-analyst-deloitte-jobs/","deloitte recruitment for freshers 

any graduate 

2 months training  job 

salary  8 lpa 

apply link  
",0.0
2024-11-16 14:32:50+00:00,-1002129137971,"Phone Pe Recruitment For Freshers 

Any Graduate 

2 Months Training + Job 

Salary : 7 LPA 

Apply Link ğŸ‘‡ğŸ»ğŸ‘‡ğŸ»ğŸ‘‡ğŸ» 
https://english.freejobsrecruitment.com/phone-pe-jobs-latest-phone-pe-recruitment-2024/","phone pe recruitment for freshers 

any graduate 

2 months training  job 

salary  7 lpa 

apply link  
",0.0
2024-11-16 07:40:36+00:00,-1002129137971,"Infosys Recruitment For Freshers 

Any Graduate 

12 Weeks Training + Job 

Salary : 6 LPA 

Apply Link ğŸ‘‡ğŸ»ğŸ‘‡ğŸ»ğŸ‘‡ğŸ» 
https://english.freejobsrecruitment.com/infosys-jobs-latest-infosys-recruitment-for-freshers-2/","infosys recruitment for freshers 

any graduate 

12 weeks training  job 

salary  6 lpa 

apply link  
",0.0
2024-11-16 06:27:55+00:00,-1002129137971,"S & P Global Recruitment For Freshers 

Any Graduate 

Salary : 8 LPA 

Apply Link ğŸ‘‡ğŸ»ğŸ‘‡ğŸ»ğŸ‘‡ğŸ» 
https://english.freejobsrecruitment.com/s-p-global-jobs-latest-s-p-global-recruitment-2024/","s  p global recruitment for freshers 

any graduate 

salary  8 lpa 

apply link  
",0.0
2024-11-16 03:40:33+00:00,-1002129137971,"HP Recruitment For Freshers 

Internship + Job

Any Graduate 

Salary : 4 LPA 

Apply Link ğŸ‘‡ğŸ»ğŸ‘‡ğŸ»ğŸ‘‡ğŸ» 
https://english.freejobsrecruitment.com/latest-hp-recruitment-for-freshers-hp-jobs/","hp recruitment for freshers 

internship  job

any graduate 

salary  4 lpa 

apply link  
",0.0
2024-11-16 02:31:00+00:00,-1002129137971,"We Need Immediate Joiners 

Wipro Recruitment For Freshers 

Any Graduate 

2 Weeks Training + Job 

Salary : 3.5 LPA 

Apply Link ğŸ‘‡ğŸ»ğŸ‘‡ğŸ»ğŸ‘‡ğŸ» 
https://english.freejobsrecruitment.com/latest-wipro-recruitment-2024-wipro-jobs-6/","we need immediate joiners 

wipro recruitment for freshers 

any graduate 

2 weeks training  job 

salary  35 lpa 

apply link  
",0.0
2024-11-15 12:39:38+00:00,-1002129137971,"Work From Home Jobs 

Cognizant Recruitment For Freshers 

Any Graduate 

4 Weeks Training + Job 

Salary : 5.5 LPA 

Apply Link ğŸ‘‡ğŸ»ğŸ‘‡ğŸ»ğŸ‘‡ğŸ» 
https://english.freejobsrecruitment.com/latest-cognizant-recruitment-2024-cognizant-jobs-3/","work from home jobs 

cognizant recruitment for freshers 

any graduate 

4 weeks training  job 

salary  55 lpa 

apply link  
",0.0
2024-11-15 10:28:22+00:00,-1002129137971,"Work From Home Jobs 

Amazon Recruitment For Freshers 

Any Graduate 

6 Weeks Training + Job 

Salary : 4.5 LPA 

Apply Link ğŸ‘‡ğŸ»ğŸ‘‡ğŸ»ğŸ‘‡ğŸ» 
https://english.freejobsrecruitment.com/amazon-jobs-work-from-home-jobs/","work from home jobs 

amazon recruitment for freshers 

any graduate 

6 weeks training  job 

salary  45 lpa 

apply link  
",0.1779
2024-11-15 04:39:01+00:00,-1002129137971,"TCS Recruitment For Freshers 

Any Graduate 

Salary : 5 LPA 

Apply Link ğŸ‘‡ğŸ»ğŸ‘‡ğŸ»ğŸ‘‡ğŸ» 
https://english.freejobsrecruitment.com/tcs-jobs-tcs-recruitment-for-freshers-2/","tcs recruitment for freshers 

any graduate 

salary  5 lpa 

apply link  
",0.0
2024-11-15 03:35:27+00:00,-1002129137971,"EY Recruitment For Freshers 

Any Graduate 

3 Months Training + Job 

Salary : 8 LPA 

Apply Link ğŸ‘‡ğŸ»ğŸ‘‡ğŸ»ğŸ‘‡ğŸ» 
https://english.freejobsrecruitment.com/ey-jobs-latest-ey-recruitment-for-freshers-2/","ey recruitment for freshers 

any graduate 

3 months training  job 

salary  8 lpa 

apply link  
",0.0
2024-11-15 02:13:44+00:00,-1002129137971,"DXC Technology Recruitment For Freshers 

Any Graduate 

3 Months Training + Job 

Salary : 6 LPA 

Apply Link ğŸ‘‡ğŸ»ğŸ‘‡ğŸ»ğŸ‘‡ğŸ» 
https://english.freejobsrecruitment.com/dxc-technology-jobs-dxc-technology-recruitment-2024/","dxc technology recruitment for freshers 

any graduate 

3 months training  job 

salary  6 lpa 

apply link  
",0.0
2024-11-14 15:44:15+00:00,-1002129137971,"We Need Immediate Joiners 

Concentrix Recruitment For Freshers 

Any Graduate 

Apply Link ğŸ‘‡ğŸ»ğŸ‘‡ğŸ»ğŸ‘‡ğŸ» 
https://english.freejobsrecruitment.com/concentrix-jobs-concentrix-recruitment-for-freshers/","we need immediate joiners 

concentrix recruitment for freshers 

any graduate 

apply link  
",0.0
2024-11-14 11:22:23+00:00,-1002129137971,"American Express Recruitment For Freshers 

Any Graduate 

Salary : 8 LPA 

3 Months Training + Job 

Apply Link ğŸ‘‡ğŸ»ğŸ‘‡ğŸ»ğŸ‘‡ğŸ» 
https://english.freejobsrecruitment.com/work-from-home-jobs-american-express-recruitment-for-freshers/","american express recruitment for freshers 

any graduate 

salary  8 lpa 

3 months training  job 

apply link  
",0.0
2024-11-14 07:25:00+00:00,-1002129137971,"Accenture Recruitment For Freshers 

Any Graduate 

2 Months Training + Job 

Salary : Upto 10 LPA 

Apply Link ğŸ‘‡ğŸ»ğŸ‘‡ğŸ»ğŸ‘‡ğŸ» 
https://english.freejobsrecruitment.com/accenture-jobs-accenture-recruitment-for-freshers-2/","accenture recruitment for freshers 

any graduate 

2 months training  job 

salary  upto 10 lpa 

apply link  
",0.0
2024-11-14 04:52:56+00:00,-1002129137971,"HCL Recruitment For Freshers 

Any Graduate 

Multiple Roles 

No Fee | No Exam | No Exp 

Salary : 4 LPA 

Apply Link ğŸ‘‡ğŸ»ğŸ‘‡ğŸ»ğŸ‘‡ğŸ» 
https://english.freejobsrecruitment.com/hcl-jobs-latest-hcl-recruitment-for-freshers/","hcl recruitment for freshers 

any graduate 

multiple roles 

no fee  no exam  no exp 

salary  4 lpa 

apply link  
",0.1471
2024-11-14 03:25:53+00:00,-1002129137971,"Genpact Recruitment For Freshers 

Any Graduate 

6 Weeks Training + Job 

Salary : 7 LPA 

Apply Link ğŸ‘‡ğŸ»ğŸ‘‡ğŸ»ğŸ‘‡ğŸ» 
https://english.freejobsrecruitment.com/genpact-jobs-genpact-recruitment-for-freshers-3/","genpact recruitment for freshers 

any graduate 

6 weeks training  job 

salary  7 lpa 

apply link  
",0.0
2024-11-14 02:07:09+00:00,-1002129137971,"Work From Home Jobs 

Ditto Recruitment For Freshers 

Any Graduate 

15 Days Training + Job 

Salary : 6 LPA 

Apply Link ğŸ‘‡ğŸ»ğŸ‘‡ğŸ»ğŸ‘‡ğŸ» 
https://english.freejobsrecruitment.com/work-from-home-jobs-ditto-recruitment-for-freshers/","work from home jobs 

ditto recruitment for freshers 

any graduate 

15 days training  job 

salary  6 lpa 

apply link  
",0.0
2024-11-13 12:11:10+00:00,-1002129137971,"Oracle Recruitment For Freshers 

Direct Joining Jobs 

Any Graduate 

Salary : 7 LPA 

Apply Link ğŸ‘‡ğŸ»ğŸ‘‡ğŸ»ğŸ‘‡ğŸ» 
https://english.freejobsrecruitment.com/oracle-jobs-oracle-recruitment-for-freshers-2/","oracle recruitment for freshers 

direct joining jobs 

any graduate 

salary  7 lpa 

apply link  
",0.0
2024-11-13 07:31:34+00:00,-1002129137971,"Goldman Sachs Recruitment For Freshers 

Any Graduate 

Salary : 8.5 LPA 

Apply Link ğŸ‘‡ğŸ»ğŸ‘‡ğŸ»ğŸ‘‡ğŸ» 
https://english.freejobsrecruitment.com/goldman-sachs-jobs-goldman-sachs-recruitment-for-freshers/","goldman sachs recruitment for freshers 

any graduate 

salary  85 lpa 

apply link  
",0.0
2024-11-13 04:16:01+00:00,-1002129137971,"We Need Immediate Joiners 

Tech Mahindra Recruitment For Freshers 

Any Graduate 

15 Days Training + Job

Salary : 5.5 LPA 

Apply Link ğŸ‘‡ğŸ»ğŸ‘‡ğŸ»ğŸ‘‡ğŸ» 
https://english.freejobsrecruitment.com/tech-mahindra-jobs-latest-tech-mahindra-recruitment-2024-2/","we need immediate joiners 

tech mahindra recruitment for freshers 

any graduate 

15 days training  job

salary  55 lpa 

apply link  
",0.0
2024-11-13 03:01:01+00:00,-1002129137971,"Work From Home Jobs 

Amazon Recruitment For Freshers 

45 Days Training + Job 

Salary : 35,000 / Month 

Apply Link ğŸ‘‡ğŸ»ğŸ‘‡ğŸ»ğŸ‘‡ğŸ» 
https://english.freejobsrecruitment.com/amazon-recruitment-for-freshers-work-from-home-jobs/","work from home jobs 

amazon recruitment for freshers 

45 days training  job 

salary  35000  month 

apply link  
",0.1779
2024-11-13 01:46:21+00:00,-1002129137971,"EY Recruitment For Freshers 

Internship + Job 

Any Graduate 

Salary : 4 LPA 

Apply Link ğŸ‘‡ğŸ»ğŸ‘‡ğŸ»ğŸ‘‡ğŸ» 
https://english.freejobsrecruitment.com/ey-recruitment-for-freshers-internship-ey-jobs/","ey recruitment for freshers 

internship  job 

any graduate 

salary  4 lpa 

apply link  
",0.0
2024-11-12 12:27:21+00:00,-1002129137971,"Phone Pe Recruitment For Freshers 

KYC Documents Verification 

Any Graduate 

Salary : 5.8 LPA 

Apply Link ğŸ‘‡ğŸ»ğŸ‘‡ğŸ»ğŸ‘‡ğŸ» 
https://english.freejobsrecruitment.com/phone-pe-jobs-latest-phone-pe-recruitment-for-freshers/","phone pe recruitment for freshers 

kyc documents verification 

any graduate 

salary  58 lpa 

apply link  
",0.0
2024-11-12 08:41:35+00:00,-1002129137971,"Deloitte Recruitment For Freshers 

Any Graduate 

8 Weeks Training + Job

Salary : 9 LPA 

Apply Link ğŸ‘‡ğŸ»ğŸ‘‡ğŸ»ğŸ‘‡ğŸ» 
https://english.freejobsrecruitment.com/deloitte-jobs-deloitte-recruitment-for-freshers-3/","deloitte recruitment for freshers 

any graduate 

8 weeks training  job

salary  9 lpa 

apply link  
",0.0
2024-11-12 04:08:01+00:00,-1002129137971,"Wipro Recruitment for Freshers 

4 Weeks Training + Job 

Any Graduate 

Salary : 5.5 LPA 

Apply Link ğŸ‘‡ğŸ»ğŸ‘‡ğŸ»ğŸ‘‡ğŸ» 
https://english.freejobsrecruitment.com/wipro-recruitment-for-freshers-wipro-jobs-2/","wipro recruitment for freshers 

4 weeks training  job 

any graduate 

salary  55 lpa 

apply link  
",0.0
2024-11-12 02:51:17+00:00,-1002129137971,"We Need Immediate Joiners 

Sutherland Recruitment For Freshers 

Any Graduate 

Salary : 4.5 LPA 

Apply Link ğŸ‘‡ğŸ»ğŸ‘‡ğŸ»ğŸ‘‡ğŸ» 
https://english.freejobsrecruitment.com/sutherland-recruitment-2024-sutherland-jobs/","we need immediate joiners 

sutherland recruitment for freshers 

any graduate 

salary  45 lpa 

apply link  
",0.0
2024-11-11 11:39:58+00:00,-1002129137971,"Redhat Recruitment For Freshers 

Any Graduate 

Salary : 08 LPA 

Hybrid mode 

Apply Link ğŸ‘‡ğŸ»ğŸ‘‡ğŸ»ğŸ‘‡ğŸ» 
https://english.freejobsrecruitment.com/red-hat-jobs-latest-red-hat-recruitment-2024/","redhat recruitment for freshers 

any graduate 

salary  08 lpa 

hybrid mode 

apply link  
",0.0
2024-11-11 04:15:21+00:00,-1002129137971,"PWC Recruitment For Freshers 

Any Graduate 

Salary : 10 LPA 

Apply Link ğŸ‘‡ğŸ»ğŸ‘‡ğŸ»ğŸ‘‡ğŸ» 
https://english.freejobsrecruitment.com/pwc-recruitment-for-freshers-pwc-jobs/","pwc recruitment for freshers 

any graduate 

salary  10 lpa 

apply link  
",0.0
2024-11-11 02:53:34+00:00,-1002129137971,"IBM Recruitment For Freshers 

Any Graduate 

4 Weeks Training + Job 

Salary : 6 LPA 

Apply Link ğŸ‘‡ğŸ»ğŸ‘‡ğŸ»ğŸ‘‡ğŸ» 
https://english.freejobsrecruitment.com/ibm-jobs-ibm-recruitment-for-freshers-2/","ibm recruitment for freshers 

any graduate 

4 weeks training  job 

salary  6 lpa 

apply link  
",0.0
2024-11-09 07:48:01+00:00,-1002129137971,"Work From Home Jobs 

Cognizant Bulk Recruitment For Freshers 

We Need Immediate Joiners 

Any Graduate 

Training + Job 

Apply Link ğŸ‘‡ğŸ»ğŸ‘‡ğŸ»ğŸ‘‡ğŸ» 
https://mohancareers.com/cognizant-recruitment-for-freshers-cognizant-jobs/","work from home jobs 

cognizant bulk recruitment for freshers 

we need immediate joiners 

any graduate 

training  job 

apply link  
",0.0
2024-11-09 06:36:00+00:00,-1002129137971,"Infosys Recruitment For Freshers 

Any Graduate 

Salary : 5 LPA 

45 Days Training + Job 

Apply Link ğŸ‘‡ğŸ»ğŸ‘‡ğŸ»ğŸ‘‡ğŸ» 
https://english.freejobsrecruitment.com/infosys-jobs-latest-infosys-recruitment-for-freshers/","infosys recruitment for freshers 

any graduate 

salary  5 lpa 

45 days training  job 

apply link  
",0.0
2024-11-01 11:57:06+00:00,-1002129137971,"ğŸš¨ **Attention Graduates & Aspiring Software Professionals!** ğŸš¨

Donâ€™t fall for shortcuts! ğŸŒŸ **Getting an IT job** isnâ€™t an overnight processâ€”itâ€™s about learning the right, industry-relevant skills.

ğŸš€ **Introducing Intensive 3.0:** Your proven path to a dream software career! ğŸš€  
ğŸ“ **Learn from Top 1% MAANG Mentors**, with courses designed by IITians & Research Scholars.

ğŸ’¡ **Get FREE Guidance** on the complete roadmap to cracking top software jobs!  
ğŸ‰ **Book Your FREE Demo Now** and start your journey the right way ğŸ‘‡

ğŸ‘‰ https://bit.ly/3zYsZPF"," attention graduates  aspiring software professionals 

dont fall for shortcuts  getting an it job isnt an overnight processits about learning the right industryrelevant skills

 introducing intensive 30 your proven path to a dream software career   
 learn from top 1 maang mentors with courses designed by iitians  research scholars

 get free guidance on the complete roadmap to cracking top software jobs  
 book your free demo now and start your journey the right way 

 ",0.8807
2024-11-01 11:57:04+00:00,-1002129137971,,,0.0
2024-11-01 07:06:05+00:00,-1002129137971,"Deloitte Recruitment For Freshers 

Associate Analyst Jobs 

Any Graduate 

Salary : 9 LPA 

Apply Link ğŸ‘‡ğŸ»ğŸ‘‡ğŸ»ğŸ‘‡ğŸ» 
https://english.freejobsrecruitment.com/deloitte-recruitment-for-freshers-associate-analyst-jobs-deloitte-jobs/","deloitte recruitment for freshers 

associate analyst jobs 

any graduate 

salary  9 lpa 

apply link  
",0.0
2024-10-30 07:20:59+00:00,-1002129137971,"Google Recruitment For Freshers 

3 Months Training + Job 

Any Graduate 

Salary : 10 LPA 

Apply Link ğŸ‘‡ğŸ»ğŸ‘‡ğŸ»ğŸ‘‡ğŸ» 
https://english.freejobsrecruitment.com/google-jobs-google-recruitment-2024-2/","google recruitment for freshers 

3 months training  job 

any graduate 

salary  10 lpa 

apply link  
",0.0
2024-10-30 06:02:45+00:00,-1002129137971,"Wipro Recruitment For Freshers 

Software Engineer Jobs 

3 Months Training + Job 

Any Graduate 

Salary : 5 LPA 

Apply Link ğŸ‘‡ğŸ»ğŸ‘‡ğŸ»ğŸ‘‡ğŸ» 
https://english.freejobsrecruitment.com/wipro-recruitment-for-freshers-wipro-jobs/","wipro recruitment for freshers 

software engineer jobs 

3 months training  job 

any graduate 

salary  5 lpa 

apply link  
",0.0
2024-10-30 03:56:01+00:00,-1002129137971,"Genpact Recruitment For Freshers 

Any Graduate 

Salary : 6.5 LPA 

Apply Link ğŸ‘‡ğŸ»ğŸ‘‡ğŸ»ğŸ‘‡ğŸ» 
https://english.freejobsrecruitment.com/genpact-jobs-genpact-recruitment-for-freshers-2/","genpact recruitment for freshers 

any graduate 

salary  65 lpa 

apply link  
",0.0
2024-10-30 02:49:22+00:00,-1002129137971,"Accenture Recruitment For Freshers 

Any Graduate 

Salary : 5.5 LPA 

Apply Link ğŸ‘‡ğŸ»ğŸ‘‡ğŸ»ğŸ‘‡ğŸ» 
https://english.freejobsrecruitment.com/accenture-recruitment-2024-accenture-jobs/","accenture recruitment for freshers 

any graduate 

salary  55 lpa 

apply link  
",0.0
2024-10-29 08:08:24+00:00,-1002129137971,"Work From Home Jobs 

Paytm Recruitment For Freshers 

Any Graduate 

Salary : 4.5 LPA

Apply Link ğŸ‘‡ğŸ»ğŸ‘‡ğŸ»ğŸ‘‡ğŸ» 
https://english.freejobsrecruitment.com/paytm-jobs-latest-paytm-recruitment-2024/","work from home jobs 

paytm recruitment for freshers 

any graduate 

salary  45 lpa

apply link  
",0.0
2024-10-29 05:45:06+00:00,-1002129137971,"Cognizant Recruitment For Freshers 

Any Graduate 

Salary : 6.5 LPA 

Apply Link ğŸ‘‡ğŸ»ğŸ‘‡ğŸ»ğŸ‘‡ğŸ» 
https://english.freejobsrecruitment.com/cognizant-jobs-latest-cognizant-recruitment-2024/","cognizant recruitment for freshers 

any graduate 

salary  65 lpa 

apply link  
",0.0
2024-10-29 02:51:14+00:00,-1002129137971,"HP Recruitment For Freshers 

Any Graduate 

Salary : 5 LPA 

Direct Joining Jobs 

Apply Link ğŸ‘‡ğŸ»ğŸ‘‡ğŸ»ğŸ‘‡ğŸ» 
https://english.freejobsrecruitment.com/hp-jobs-latest-hp-recruitment-2024/","hp recruitment for freshers 

any graduate 

salary  5 lpa 

direct joining jobs 

apply link  
",0.0
2024-10-28 17:21:41+00:00,-1002129137971,"Work From Home Jobs 

Jio Recruitment For Freshers 

12th Pass Only 

15 Days Training + Job 

Salary : 20,000 / Month 

Apply Link ğŸ‘‡ğŸ»ğŸ‘‡ğŸ»ğŸ‘‡ğŸ» 
https://indiajobszone.com/jio-recruitment-2024-work-from-home-jobs/","work from home jobs 

jio recruitment for freshers 

12th pass only 

15 days training  job 

salary  20000  month 

apply link  
",0.0
2024-10-28 13:31:02+00:00,-1002129137971,"Apple Recruitment For Freshers 

Any Graduate 

Salary : 10 LPA 

Immediate Joiners Preferred 

Apply Link ğŸ‘‡ğŸ»ğŸ‘‡ğŸ»ğŸ‘‡ğŸ» 
https://english.freejobsrecruitment.com/apple-jobs-latest-apply-recruitment-2024/","apple recruitment for freshers 

any graduate 

salary  10 lpa 

immediate joiners preferred 

apply link  
",0.0
2024-10-28 12:08:01+00:00,-1002129137971,"Amazon Recruitment For Freshers 

Work From Home Jobs 

Any Graduate 

45 Days Training + Job 

Salary : 4.5 LPA 

Apply Link ğŸ‘‡ğŸ»ğŸ‘‡ğŸ»ğŸ‘‡ğŸ»ğŸ‘‡ğŸ» 
https://english.freejobsrecruitment.com/amazon-recruitment-2024-work-from-home-jobs/","amazon recruitment for freshers 

work from home jobs 

any graduate 

45 days training  job 

salary  45 lpa 

apply link  
",0.1779
2024-10-28 11:00:15+00:00,-1002129137971,"EY Recruitment For Freshers

Any Graduate 

Training + Job 

Salary : 50,000 / Month 

Apply Link ğŸ‘‡ğŸ»ğŸ‘‡ğŸ»ğŸ‘‡ğŸ» 
https://english.freejobsrecruitment.com/ey-recruitment-for-freshers-associate-analyst-ey-jobs/","ey recruitment for freshers

any graduate 

training  job 

salary  50000  month 

apply link  
",0.0
2024-10-28 05:58:48+00:00,-1002129137971,"Deloitte Recruitment For Freshers 

Any Graduate 

2 Months Training + Job 

Salary : 8 LPA 

Apply Link ğŸ‘‡ğŸ»ğŸ‘‡ğŸ»ğŸ‘‡ğŸ»ğŸ‘‡ğŸ» 
https://english.freejobsrecruitment.com/deloitte-jobs-deloitte-recruitment-for-freshers-2/","deloitte recruitment for freshers 

any graduate 

2 months training  job 

salary  8 lpa 

apply link  
",0.0
2024-10-28 03:33:03+00:00,-1002129137971,"Wipro Recruitment For Freshers 

Any Graduate 

Trainee Jobs 

2 Months Training + Job 

Salary : 6.5 LPA 

Apply Link ğŸ‘‡ğŸ»ğŸ‘‡ğŸ»ğŸ‘‡ğŸ» 
https://english.freejobsrecruitment.com/wipro-recruitment-for-freshers-management-trainee-wipro-jobs/","wipro recruitment for freshers 

any graduate 

trainee jobs 

2 months training  job 

salary  65 lpa 

apply link  
",0.0
2024-10-27 16:31:02+00:00,-1002129137971,"Telangana Revenue Department Notification 2024 

5000 Vacancies 

Any Degree 

Salary : 40,000 

Apply Link ğŸ‘‡ğŸ»ğŸ‘‡ğŸ»ğŸ‘‡ğŸ» 
https://indiajobszone.com/telangana-revenue-department-notification-2024-ts-govt-jobs/","telangana revenue department notification 2024 

5000 vacancies 

any degree 

salary  40000 

apply link  
",0.0
2024-10-26 13:03:27+00:00,-1002129137971,"ğŸ‰ *Big News!* ğŸ‰

ğŸš€ *8 amazing individuals just got placed at Thoughtworks Software Company with NxtWave!* ğŸ™ŒğŸ’¼

A huge *Congratulations* to all of them! ğŸ‘ğŸ¥³

ğŸ‘‰ If you want to achieve the same success, now's the time to act!

ğŸ’¡ *upskill and get placed in top IT companies! attend a FREE Demo* and kickstart your journey in the tech world. ğŸ’»âœ¨

Want to know how to get Software Jobs attend FREE DEMO Now.ğŸ‘‡ğŸ»ğŸ‘‡ğŸ»ğŸ‘‡ğŸ»
https://ccbp.in/intensive/referral?utm_source=affiliate&utm_medium=affiliate-dashboard&utm_campaign=affiliate-demo&invite_code=ATCE5G"," big news 

 8 amazing individuals just got placed at thoughtworks software company with nxtwave 

a huge congratulations to all of them 

 if you want to achieve the same success nows the time to act

 upskill and get placed in top it companies attend a free demo and kickstart your journey in the tech world 

want to know how to get software jobs attend free demo now
",0.9709
2024-10-26 08:32:01+00:00,-1002129137971,"We Need Immediate Joiners 

Concentrix Recruitment For Freshers 

Any Graduate 

Apply Link ğŸ‘‡ğŸ»ğŸ‘‡ğŸ»ğŸ‘‡ğŸ» 
https://english.freejobsrecruitment.com/concentrix-jobs-concentrix-recruitment-for-freshers/","we need immediate joiners 

concentrix recruitment for freshers 

any graduate 

apply link  
",0.0
2024-10-26 07:20:55+00:00,-1002129137971,"Capgemini Recruitment For Freshers 

Multiple Positions 

Any Graduate 

Salary : 6 LPA 

Apply Link ğŸ‘‡ğŸ»ğŸ‘‡ğŸ»ğŸ‘‡ğŸ» 
https://english.freejobsrecruitment.com/capgemini-jobs-capgemini-bulk-recruitment-2024/","capgemini recruitment for freshers 

multiple positions 

any graduate 

salary  6 lpa 

apply link  
",0.0
2024-10-25 10:11:06+00:00,-1002129137971,"IBM Recruitment For Freshers 

Any Graduate 

Software Engineer Jobs 

3 Months Training+ Job

Apply Link ğŸ‘‡ğŸ»ğŸ‘‡ğŸ»ğŸ‘‡ğŸ» 
https://english.freejobsrecruitment.com/ibm-jobs-ibm-recruitment-for-freshers/","ibm recruitment for freshers 

any graduate 

software engineer jobs 

3 months training job

apply link  
",0.0
2024-10-25 05:38:55+00:00,-1002129137971,"Phone Pe Recruitment For Freshers 

Any Graduate 

Salary : 50,000 / Month 

Apply Link ğŸ‘‡ğŸ»ğŸ‘‡ğŸ»ğŸ‘‡ğŸ» 
https://english.freejobsrecruitment.com/phone-pe-recruitment-for-freshers-phone-pe-jobs/","phone pe recruitment for freshers 

any graduate 

salary  50000  month 

apply link  
",0.0
2024-10-25 03:05:24+00:00,-1002129137971,"We Need Immediate Joiners 

Tech Mahindra Recruitment For Freshers 

12th Pass Only 

15 Days Training + Job 

Salary : 30,000 / Month 

Apply Link ğŸ‘‡ğŸ»ğŸ‘‡ğŸ»ğŸ‘‡ğŸ» 
https://english.freejobsrecruitment.com/tech-mahindra-jobs-tech-mahindra-recruitment-2024/","we need immediate joiners 

tech mahindra recruitment for freshers 

12th pass only 

15 days training  job 

salary  30000  month 

apply link  
",0.0
2024-10-24 07:34:09+00:00,-1002129137971,"Cognizant Recruitment For Freshers 

Any Graduate 

Content Review Jobs 

Salary : 4.5 LPA 

Apply Link ğŸ‘‡ğŸ»ğŸ‘‡ğŸ»ğŸ‘‡ğŸ» 
https://english.freejobsrecruitment.com/cognizant-recruitment-2024-content-review-cognizant-jobs/","cognizant recruitment for freshers 

any graduate 

content review jobs 

salary  45 lpa 

apply link  
",0.0
2024-10-24 06:07:06+00:00,-1002129137971,"Infosys Recruitment For Freshers 

Any Graduate 

45 Days Training + Job 

Salary : 4.8 LPA 

Apply Link ğŸ‘‡ğŸ»ğŸ‘‡ğŸ»ğŸ‘‡ğŸ» 
https://indiajobszone.com/infosys-bulk-hiring-for-freshers-infosys-jobs/","infosys recruitment for freshers 

any graduate 

45 days training  job 

salary  48 lpa 

apply link  
",0.0
2024-10-24 05:39:41+00:00,-1002129137971,"Oracle Recruitment For Freshers 

Any Graduate 

Salary : 7.5 LPA 

Apply Link ğŸ‘‡ğŸ»ğŸ‘‡ğŸ»ğŸ‘‡ğŸ» 
https://english.freejobsrecruitment.com/oracle-jobs-oracle-recruitment-for-freshers/","oracle recruitment for freshers 

any graduate 

salary  75 lpa 

apply link  
",0.0
2024-10-24 02:57:41+00:00,-1002129137971,"PWC Recruitment For Freshers 

Any Graduate 

2 Months Training + Job 

Salary : 8 LPA 

Apply Link ğŸ‘‡ğŸ»ğŸ‘‡ğŸ»ğŸ‘‡ğŸ» 
https://english.freejobsrecruitment.com/pwc-jobs-pwc-recruitment-for-freshers/","pwc recruitment for freshers 

any graduate 

2 months training  job 

salary  8 lpa 

apply link  
",0.0
2024-10-23 15:24:07+00:00,-1002129137971,"HCL Recruitment For Freshers 

Any Graduate 

Software Engineer Jobs 

Salary : 6.5 LPA 

Apply Link ğŸ‘‡ğŸ»ğŸ‘‡ğŸ»ğŸ‘‡ğŸ» 
https://english.freejobsrecruitment.com/hcl-jobs-latest-hcl-recruitment-2024/","hcl recruitment for freshers 

any graduate 

software engineer jobs 

salary  65 lpa 

apply link  
",0.0
2024-10-23 14:36:42+00:00,-1002129137971,"Airport Recruitment For Freshers 

Qualification : 10th 

Vacancies : 1067 

Salary: 40,000 

Apply Link ğŸ‘‡ğŸ»ğŸ‘‡ğŸ»ğŸ‘‡ğŸ» 
https://indiajobszone.com/airport-jobs-airport-recruitment-2024/","airport recruitment for freshers 

qualification  10th 

vacancies  1067 

salary 40000 

apply link  
",0.0
2024-10-23 14:17:24+00:00,-1002129137971,"*ğŸ’¥ğŸ˜Exciting Opportunity ğŸ˜ğŸ’¥*

Software Training evaga namma native language ali available edhe.

Telugu, Tamil , Kannada, Hindi 

Eligibility:- BTech (all branches), BSc, BCom, BBA, etc.

Year Of Passout:- 2018 to 2024 GraduatesÂ 

Ondh High Paying Software Job thagoli 3 simple steps endha :- 

Step 1 :- *Free Demo na Book madi*ğŸ‘‡ 

https://ccbp.in/intensive/referral?utm_source=affiliate&utm_medium=affiliate-dashboard&utm_campaign=affiliate-demo&invite_code=ATCE5G

Step 2 :- Enrol madkoli nam Training program ge and companies ge bekiro Skills na Develop madkoli.

Step 3 :- Companies ali apply madi and IT job thagoli.

ğŸ‰Don't miss this opportunity ğŸ¤—","exciting opportunity 

software training evaga namma native language ali available edhe

telugu tamil  kannada hindi 

eligibility btech all branches bsc bcom bba etc

year of passout 2018 to 2024 graduatesÂ 

ondh high paying software job thagoli 3 simple steps endha  

step 1  free demo na book madi 



step 2  enrol madkoli nam training program ge and companies ge bekiro skills na develop madkoli

step 3  companies ali apply madi and it job thagoli

dont miss this opportunity ",0.9185
2024-10-23 13:36:36+00:00,-1002129137971,"Wipro Recruitment For Freshers 

Software Engineer Jobs 

3 Months Training + Job 

Any Graduate 

Salary : 5 LPA 

Apply Link ğŸ‘‡ğŸ»ğŸ‘‡ğŸ»ğŸ‘‡ğŸ» 
https://english.freejobsrecruitment.com/wipro-recruitment-for-freshers-wipro-jobs/","wipro recruitment for freshers 

software engineer jobs 

3 months training  job 

any graduate 

salary  5 lpa 

apply link  
",0.0
2024-10-23 07:36:12+00:00,-1002129137971,"Work From Home Jobs 

Amazon Recruitment For Freshers 

Any Graduate 

6 Weeks Training + Job 

Apply Link ğŸ‘‡ğŸ»ğŸ‘‡ğŸ»ğŸ‘‡ğŸ» 
https://indiajobszone.com/amazon-recruitment-for-freshers-amazon-jobs/","work from home jobs 

amazon recruitment for freshers 

any graduate 

6 weeks training  job 

apply link  
",0.1779
2024-10-23 05:37:36+00:00,-1002129137971,"Accenture Recruitment For Freshers 

Any Graduate 

Direct Joining Jobs 

Salary : 7 LPA 

Apply Link ğŸ‘‡ğŸ»ğŸ‘‡ğŸ»ğŸ‘‡ğŸ» 
https://english.freejobsrecruitment.com/accenture-recruitment-for-freshers-accenture-jobs/","accenture recruitment for freshers 

any graduate 

direct joining jobs 

salary  7 lpa 

apply link  
",0.0
2024-10-23 03:01:24+00:00,-1002129137971,"NTT Data Recruitment For Freshers 

Any Graduate 

2 Months Training + Job 

Salary : 8 LPA 

Apply Link ğŸ‘‡ğŸ»ğŸ‘‡ğŸ»ğŸ‘‡ğŸ» 
https://english.freejobsrecruitment.com/ntt-data-recruitment-2024-ntt-jobs/","ntt data recruitment for freshers 

any graduate 

2 months training  job 

salary  8 lpa 

apply link  
",0.0
2024-10-22 12:24:41+00:00,-1002129137971,"Don't Miss This Opportunity 

Deloitte Recruitment For Freshers 

Any Graduate 

Salary : 8 LPA 

Apply Link ğŸ‘‡ğŸ»ğŸ‘‡ğŸ»ğŸ‘‡ğŸ» 
https://english.freejobsrecruitment.com/deloitte-jobs-deloitte-recruitment-for-freshers/","dont miss this opportunity 

deloitte recruitment for freshers 

any graduate 

salary  8 lpa 

apply link  
",0.571
2024-10-22 06:49:20+00:00,-1002129137971,"We Need Immediate Joiners 

Infosys Recruitment For Freshers 

Any Graduate 

Salary : 6.5 LPA 

Apply Link ğŸ‘‡ğŸ»ğŸ‘‡ğŸ»ğŸ‘‡ğŸ» 
https://english.freejobsrecruitment.com/infosys-recruitment-2024-infosys-jobs-2/","we need immediate joiners 

infosys recruitment for freshers 

any graduate 

salary  65 lpa 

apply link  
",0.0
2024-10-22 05:08:46+00:00,-1002129137971,"Genpact Recruitment For Freshers 

Any Graduate 

45 Days Training + Job 

Salary : 5 LPA 

Apply Link ğŸ‘‡ğŸ»ğŸ‘‡ğŸ»ğŸ‘‡ğŸ» 
https://english.freejobsrecruitment.com/genpact-recruitment-for-freshers-genpact-jobs/","genpact recruitment for freshers 

any graduate 

45 days training  job 

salary  5 lpa 

apply link  
",0.0
2024-10-22 02:58:54+00:00,-1002129137971,"IBM Recruitment For Freshers 

Any Graduate 

Salary : 6 LPA 

Apply Link ğŸ‘‡ğŸ»ğŸ‘‡ğŸ»ğŸ‘‡ğŸ» 
https://english.freejobsrecruitment.com/ibm-recruitment-for-freshers-ibm-jobs/","ibm recruitment for freshers 

any graduate 

salary  6 lpa 

apply link  
",0.0
2024-10-21 11:44:18+00:00,-1002129137971,"Paytm Recruitment For Freshers 

Any Graduate 

2 Months Training + Job 

Salary : 4.8 LPA 

Apply Link ğŸ‘‡ğŸ»ğŸ‘‡ğŸ»ğŸ‘‡ğŸ» 
https://english.freejobsrecruitment.com/paytm-recruitment-2024-paytm-jobs/","paytm recruitment for freshers 

any graduate 

2 months training  job 

salary  48 lpa 

apply link  
",0.0
2024-10-21 07:41:37+00:00,-1002129137971,"EY Recruitment For Freshers 

Any Graduate 

2 Months Training + Job 

Salary : 7.5 LPA 

Apply Link ğŸ‘‡ğŸ»ğŸ‘‡ğŸ»ğŸ‘‡ğŸ» 
https://english.freejobsrecruitment.com/ey-recruitment-for-freshers-ey-jobs/","ey recruitment for freshers 

any graduate 

2 months training  job 

salary  75 lpa 

apply link  
",0.0
2024-10-21 04:20:21+00:00,-1002129137971,"Phone Pe Recruitment For Freshers 

KYC Documents Verification 

Any Graduate 

Salary : 5.8 LPA 

Apply Link ğŸ‘‡ğŸ»ğŸ‘‡ğŸ»ğŸ‘‡ğŸ» 
https://english.freejobsrecruitment.com/phone-pe-jobs-latest-phone-pe-recruitment-for-freshers/","phone pe recruitment for freshers 

kyc documents verification 

any graduate 

salary  58 lpa 

apply link  
",0.0
2024-10-21 03:15:49+00:00,-1002129137971,"Wipro Bulk Recruitment For Freshers 

Any Graduate 

8 Weeks Training + Job 

Salary : 5.5 LPA 

Apply Link ğŸ‘‡ğŸ»ğŸ‘‡ğŸ»ğŸ‘‡ğŸ»ğŸ‘‡ğŸ» 
https://english.freejobsrecruitment.com/wipro-jobs-wipro-recruitment-for-freshers/","wipro bulk recruitment for freshers 

any graduate 

8 weeks training  job 

salary  55 lpa 

apply link  
",0.0
2024-10-20 07:07:03+00:00,-1002129137971,"Infosys Recruitment For Freshers 

Any Graduate 

45 Days Training + Job 

Salary : 5 LPA 

Apply Link ğŸ‘‡ğŸ»ğŸ‘‡ğŸ»ğŸ‘‡ğŸ» 
https://english.freejobsrecruitment.com/infosys-recruitment-2024-infosys-jobs/","infosys recruitment for freshers 

any graduate 

45 days training  job 

salary  5 lpa 

apply link  
",0.0
2024-10-20 04:45:37+00:00,-1002129137971,"Work From Home Jobs 

Cognizant Recruitment For Freshers 

Any Graduate 

2 Months Training + Job 

Salary : 6.5 LPA 

Apply Link ğŸ‘‡ğŸ»ğŸ‘‡ğŸ»ğŸ‘‡ğŸ» 
https://english.freejobsrecruitment.com/cognizant-jobs-cognizant-recruitment-for-freshers/","work from home jobs 

cognizant recruitment for freshers 

any graduate 

2 months training  job 

salary  65 lpa 

apply link  
",0.0
2024-10-20 03:39:14+00:00,-1002129137971,"TCS Recruitment For Freshers 

Any Graduate 

Salary : 5.5 LPA 

Last Date : 24.10.2024 

Apply Link ğŸ‘‡ğŸ»ğŸ‘‡ğŸ»ğŸ‘‡ğŸ» 
https://english.freejobsrecruitment.com/tcs-jobs-tcs-recruitment-for-freshers/","tcs recruitment for freshers 

any graduate 

salary  55 lpa 

last date  24102024 

apply link  
",0.0
2024-10-19 15:33:29+00:00,-1002129137971,"Qualcomm Recruitment For Freshers 

Any Graduate 

Salary : 60,000 / Month 

Apply Link ğŸ‘‡ğŸ»ğŸ‘‡ğŸ»ğŸ‘‡ğŸ» 
https://english.freejobsrecruitment.com/qualcomm-recruitment-for-freshers-qualcomm-jobs/","qualcomm recruitment for freshers 

any graduate 

salary  60000  month 

apply link  
",0.0
2024-10-19 13:49:08+00:00,-1002129137971,"AP Fisheries Department Notification 2024 

DPM Jobs 

No Fee | No Exam | No Exp 

Salary : 45,000 

Apply Link ğŸ‘‡ğŸ»ğŸ‘‡ğŸ»ğŸ‘‡ğŸ» 
https://indiajobszone.com/ap-govt-jobs-ap-fisheries-department-notification-2024/","ap fisheries department notification 2024 

dpm jobs 

no fee  no exam  no exp 

salary  45000 

apply link  
",0.1471
2024-10-19 05:23:04+00:00,-1002129137971,"Accenture Recruitment For Freshers 

Any Graduate 

Salary : 4.5 LPA 

Apply Link ğŸ‘‡ğŸ»ğŸ‘‡ğŸ»ğŸ‘‡ğŸ»ğŸ‘‡ğŸ» 
https://english.freejobsrecruitment.com/accenture-jobs-accenture-recruitment-for-freshers/","accenture recruitment for freshers 

any graduate 

salary  45 lpa 

apply link  
",0.0
2024-10-18 07:43:33+00:00,-1002129137971,,,0.0
2024-10-18 07:41:48+00:00,-1002129137971,"**ğŸš€ Attention Graduates! ğŸš€**

Did you know that **63% of graduates in India are struggling to get a job?** ğŸ˜Ÿ The reason isn't the lack of job opportunities, but the **lack of industry-relevant skills**.

ğŸ’¡ To stand out and grab the best IT job offers, **upskilling is the key**! The IT industry is actively looking for talented candidates like YOU with the right skills. 

ğŸ”¥ **Ready to make a change and land your dream job?** ğŸ”¥

ğŸ‘‰ **Vote below and let us know if you're ready to upskill and secure a placement in top IT companies.**"," attention graduates 

did you know that 63 of graduates in india are struggling to get a job  the reason isnt the lack of job opportunities but the lack of industryrelevant skills

 to stand out and grab the best it job offers upskilling is the key the it industry is actively looking for talented candidates like you with the right skills 

 ready to make a change and land your dream job 

 vote below and let us know if youre ready to upskill and secure a placement in top it companies",0.9806
2024-10-18 04:33:01+00:00,-1002129137971,"Google Recruitment For Freshers 

Software Engineer Jobs 

Any Graduate 

Salary : 8 LPA

Apply Link ğŸ‘‡ğŸ»ğŸ‘‡ğŸ»ğŸ‘‡ğŸ» 
https://english.freejobsrecruitment.com/google-jobs-google-recruitment-2024/","google recruitment for freshers 

software engineer jobs 

any graduate 

salary  8 lpa

apply link  
",0.0
2024-10-18 03:13:43+00:00,-1002129137971,"Flipkart Recruitment For Freshers 

Any Graduate 

Direct Joining Jobs 

Salary : 20,000 / Month 

Apply Link ğŸ‘‡ğŸ»ğŸ‘‡ğŸ»ğŸ‘‡ğŸ» 
https://english.freejobsrecruitment.com/flipkart-jobs-flipkart-recruitment-for-freshers/","flipkart recruitment for freshers 

any graduate 

direct joining jobs 

salary  20000  month 

apply link  
",0.0
2024-10-16 05:54:04+00:00,-1002129137971,"Tech Mahindra Recruitment For Freshers 

Any Graduate 

15 Days Training + Job 

Salary : 4 LPA 

Apply Link ğŸ‘‡ğŸ»ğŸ‘‡ğŸ»ğŸ‘‡ğŸ» 
https://english.freejobsrecruitment.com/tech-mahindra-jobs-latest-tech-mahindra-recruitment-2024/","tech mahindra recruitment for freshers 

any graduate 

15 days training  job 

salary  4 lpa 

apply link  
",0.0
2024-10-16 03:31:24+00:00,-1002129137971,"Genpact Recruitment For Freshers 

Any Graduate 

Job Role : Process Developer 

Salary : 6.5 LPA 

Apply Link ğŸ‘‡ğŸ»ğŸ‘‡ğŸ»ğŸ‘‡ğŸ»ğŸ‘‡ğŸ» 
https://english.freejobsrecruitment.com/genpact-jobs-genpact-recruitment-for-freshers-2/","genpact recruitment for freshers 

any graduate 

job role  process developer 

salary  65 lpa 

apply link  
",0.0
2024-10-15 17:20:00+00:00,-1002129137971,"Wipro Recruitment for Freshers 

Any Graduate 

Direct Joining Jobs 

Apply Link ğŸ‘‡ğŸ»ğŸ‘‡ğŸ»ğŸ‘‡ğŸ» 
https://indiajobszone.com/wipro-jobs/","wipro recruitment for freshers 

any graduate 

direct joining jobs 

apply link  
",0.0
2024-10-15 07:08:04+00:00,-1002129137971,"Paytm Recruitment For Freshers 

Any Graduate 

Salary : 5.5 LPA 

Apply Link ğŸ‘‡ğŸ»ğŸ‘‡ğŸ»ğŸ‘‡ğŸ» 
https://english.freejobsrecruitment.com/paytm-jobs-paytm-recruitment-for-freshers/","paytm recruitment for freshers 

any graduate 

salary  55 lpa 

apply link  
",0.0
2024-10-15 06:29:16+00:00,-1002129137971,"*ğŸ’¥ğŸ˜Exciting Opportunity ğŸ˜ğŸ’¥*

Software Training now available in your native language.

Telugu,Tamil , Kannada, Hindi 

Eligibility:- BTech (all branches), BSc, BCom, BBA, etc.

Year Of Passout:- 2018 to 2025 GraduatesÂ 

Get High Paying Software Job In 3 Steps 

Step 1 :- *Book a FREE Demo*ğŸ‘‡ 

https://ccbp.in/intensive/referral?utm_source=affiliate&utm_medium=affiliate-dashboard&utm_campaign=affiliate-demo&invite_code=ATCE5G

Step 2 :- Enroll For The Training & Start Learning The Skills 

Step 3 :- Apply To The Companies & Get Placed in IT companies.

ğŸ‰Don't miss this opportunity ğŸ¤—","exciting opportunity 

software training now available in your native language

telugutamil  kannada hindi 

eligibility btech all branches bsc bcom bba etc

year of passout 2018 to 2025 graduatesÂ 

get high paying software job in 3 steps 

step 1  book a free demo 



step 2  enroll for the training  start learning the skills 

step 3  apply to the companies  get placed in it companies

dont miss this opportunity ",0.9185
2024-10-15 03:34:17+00:00,-1002129137971,"Oracle Recruitment For Freshers 

Any Graduate 

Salary : 7.5 LPA 

Apply Link ğŸ‘‡ğŸ»ğŸ‘‡ğŸ»ğŸ‘‡ğŸ» 
https://english.freejobsrecruitment.com/oracle-jobs-oracle-recruitment-for-freshers/","oracle recruitment for freshers 

any graduate 

salary  75 lpa 

apply link  
",0.0
2024-10-15 02:36:43+00:00,-1002129137971,"Phone pe Recruitment For Freshers 

Any Graduate 

KYC Verification Jobs 

Salary : 5.8 LPA

Apply Link ğŸ‘‡ğŸ»ğŸ‘‡ğŸ»ğŸ‘‡ğŸ» 
https://english.freejobsrecruitment.com/phone-pe-jobs-latest-phone-pe-recruitment-for-freshers/","phone pe recruitment for freshers 

any graduate 

kyc verification jobs 

salary  58 lpa

apply link  
",0.0
2024-10-14 10:55:28+00:00,-1002129137971,"HCL Recruitment For Freshers 

Any Graduate 

Software Engineer Jobs 

Salary : 6.5 LPA 

Apply Link ğŸ‘‡ğŸ»ğŸ‘‡ğŸ»ğŸ‘‡ğŸ» 
https://english.freejobsrecruitment.com/hcl-jobs-latest-hcl-recruitment-2024/","hcl recruitment for freshers 

any graduate 

software engineer jobs 

salary  65 lpa 

apply link  
",0.0
2024-10-14 09:20:16+00:00,-1002129137971,"Agriculture Department Jobs 

Qualification : 10th Pass 

Assistant Jobs 

No Fee | No Exam | No Exp

Selection Process : Merit Base 

Full Details & Apply Link ğŸ‘‡ğŸ»ğŸ‘‡ğŸ»ğŸ‘‡ğŸ» 
https://indiajobszone.com/agriculture-jobs-icar-notification-2024-govt-jobs/","agriculture department jobs 

qualification  10th pass 

assistant jobs 

no fee  no exam  no exp

selection process  merit base 

full details  apply link  
",0.5229
2024-10-14 07:30:17+00:00,-1002129137971,"Don't Miss This Opportunity 

Deloitte Recruitment For Freshers 

Any Graduate 

Salary : 8 LPA 

Apply Link ğŸ‘‡ğŸ»ğŸ‘‡ğŸ»ğŸ‘‡ğŸ» 
https://english.freejobsrecruitment.com/deloitte-jobs-deloitte-recruitment-for-freshers/","dont miss this opportunity 

deloitte recruitment for freshers 

any graduate 

salary  8 lpa 

apply link  
",0.571
2024-10-14 05:06:56+00:00,-1002129137971,"Work From Home Jobs 

Sony Recruitment For Freshers 

6 months Training + Job 

Any Graduate 

Salary : 4.8 LPA 

Apply Link ğŸ‘‡ğŸ»ğŸ‘‡ğŸ»ğŸ‘‡ğŸ» 
https://english.freejobsrecruitment.com/sony-recruitment-for-freshers-sony-jobs/","work from home jobs 

sony recruitment for freshers 

6 months training  job 

any graduate 

salary  48 lpa 

apply link  
",0.0
2024-10-12 11:30:50+00:00,-1002129137971,"Work From Home Jobs 

Amazon Recruitment For Freshers 

Any Graduate 

6 Weeks Training + Job 

Apply Link ğŸ‘‡ğŸ»ğŸ‘‡ğŸ»ğŸ‘‡ğŸ» 
https://indiajobszone.com/amazon-recruitment-for-freshers-amazon-jobs/","work from home jobs 

amazon recruitment for freshers 

any graduate 

6 weeks training  job 

apply link  
",0.1779
2024-10-12 03:07:52+00:00,-1002129137971,"Work From Home Jobs 

Ditto Recruitment For Freshers 

Any Graduate 

2 Weeks Training + Job 

Salary : 4 LPA 

Apply Link ğŸ‘‡ğŸ»ğŸ‘‡ğŸ»ğŸ‘‡ğŸ» 
https://english.freejobsrecruitment.com/ditto-recruitment-2024-work-from-home-jobs/","work from home jobs 

ditto recruitment for freshers 

any graduate 

2 weeks training  job 

salary  4 lpa 

apply link  
",0.0
2024-10-11 15:19:40+00:00,-1002129137971,"Genpact Recruitment For Freshers 

Any Graduate 

Salary : 6 LPA 

Apply Link ğŸ‘‡ğŸ»ğŸ‘‡ğŸ»ğŸ‘‡ğŸ» 
https://english.freejobsrecruitment.com/genpact-jobs-genpact-recruitment-for-freshers/","genpact recruitment for freshers 

any graduate 

salary  6 lpa 

apply link  
",0.0
2024-10-11 07:22:17+00:00,-1002129137971,"TCS Recruitment For Freshers 

Internship + Job 

Any Graduate

Salary : 4.5 LPA 

Apply Link ğŸ‘‡ğŸ»ğŸ‘‡ğŸ»ğŸ‘‡ğŸ» 
https://english.freejobsrecruitment.com/tcs-recruitment-2024-tcs-jobs-for-freshers/","tcs recruitment for freshers 

internship  job 

any graduate

salary  45 lpa 

apply link  
",0.0
2024-10-11 04:17:20+00:00,-1002129137971,"Google Recruitment For Freshers 

Any Graduate 

Job Role : Content Specialist 

3 Months Training + Job 

Salary : 8 LPA 

Apply Link ğŸ‘‡ğŸ»ğŸ‘‡ğŸ»ğŸ‘‡ğŸ» 
https://english.freejobsrecruitment.com/google-jobs-google-recruitment-for-freshers/","google recruitment for freshers 

any graduate 

job role  content specialist 

3 months training  job 

salary  8 lpa 

apply link  
",0.0
2024-10-11 03:23:07+00:00,-1002129137971,"EY Bulk Recruitment For Freshers 

Any Graduate 

Salary : 50,000 / Month 

Apply Link ğŸ‘‡ğŸ»ğŸ‘‡ğŸ»ğŸ‘‡ğŸ» 
https://english.freejobsrecruitment.com/ey-jobs-latest-ey-recruitment-for-freshers/","ey bulk recruitment for freshers 

any graduate 

salary  50000  month 

apply link  
",0.0
2024-10-10 09:22:01+00:00,-1002129137971,"Govt Jobs 

YIL Notification 2024 

4,039 Vacancies 

Qualification : 10th 

Selection : Merit 

Apply Link ğŸ‘‡ğŸ»ğŸ‘‡ğŸ»ğŸ‘‡ğŸ» 
https://indiajobszone.com/govt-jobs-latest-yil-notification-2024/","govt jobs 

yil notification 2024 

4039 vacancies 

qualification  10th 

selection  merit 

apply link  
",0.4215
2024-10-10 08:11:02+00:00,-1002129137971,"KPMG Recruitment For Freshers 

Any Graduate 

Salary : 7.5 LPA 

Apply Link ğŸ‘‡ğŸ»ğŸ‘‡ğŸ»ğŸ‘‡ğŸ» 
https://english.freejobsrecruitment.com/kpmg-jobs-kpmg-recruitment-for-freshers/","kpmg recruitment for freshers 

any graduate 

salary  75 lpa 

apply link  
",0.0
2024-10-10 06:36:28+00:00,-1002129137971,"Hello Friends...
We created instagram page.. Please follow this page & support us
Page Link : 
https://www.instagram.com/reel/DA7f_Zov8iV/?igsh=bG5jcWNkcDRsYnNk","hello friends
we created instagram page please follow this page  support us
page link  
",0.8442
2024-10-10 06:35:23+00:00,-1002129137971,"PWC Recruitment For Freshers 

Any Graduate 

Salary : 8 LPA 

Apply Link ğŸ‘‡ğŸ»ğŸ‘‡ğŸ»ğŸ‘‡ğŸ» 
https://english.freejobsrecruitment.com/pwc-jobs-latest-pwc-recruitment-for-freshers/","pwc recruitment for freshers 

any graduate 

salary  8 lpa 

apply link  
",0.0
2024-10-10 02:40:00+00:00,-1002129137971,"Work From Home Jobs 

Cognizant Recruitment For Freshers 

Any Graduate 

45 Days Training + Job 

Apply Link ğŸ‘‡ğŸ»ğŸ‘‡ğŸ»ğŸ‘‡ğŸ» 
https://english.freejobsrecruitment.com/work-from-home-jobs-cognizant-recruitment-for-freshers/","work from home jobs 

cognizant recruitment for freshers 

any graduate 

45 days training  job 

apply link  
",0.0
2024-10-09 16:16:01+00:00,-1002129137971,"Phone Pe Recruitment For Freshers 

Any Graduate 

Salary : 4.8 LPA 

Apply Link ğŸ‘‡ğŸ»ğŸ‘‡ğŸ»ğŸ‘‡ğŸ» 
https://indiajobszone.com/phone-pe-jobs-phone-pe-recruitment-for-freshers/","phone pe recruitment for freshers 

any graduate 

salary  48 lpa 

apply link  
",0.0
2024-10-09 11:55:48+00:00,-1002129137971,"Work From Home Jobs 

Telus International Recruitment For Freshers 

Any Graduate 

Salary : 4.5 LPA 

Apply Link ğŸ‘‡ğŸ»ğŸ‘‡ğŸ»ğŸ‘‡ğŸ» 
https://english.freejobsrecruitment.com/work-from-home-jobs-telus-international-recruitment-for-freshers/","work from home jobs 

telus international recruitment for freshers 

any graduate 

salary  45 lpa 

apply link  
",0.0
2024-10-09 05:55:11+00:00,-1002129137971,"Postal Department Notification 2024

No Fee - No Exam 

Selection : Merit Base 

Salary : 45,000 

Apply Link ğŸ‘‡ğŸ»ğŸ‘‡ğŸ»ğŸ‘‡ğŸ» 
https://indiajobszone.com/postal-jobs-postal-department-notification-2024/","postal department notification 2024

no fee  no exam 

selection  merit base 

salary  45000 

apply link  
",0.3586
2024-10-09 03:35:24+00:00,-1002129137971,"Infosys Recruitment For Freshers 

Any Graduate 

2 Months Training + Job 

Salary : 4.8 LPA 

Apply Link ğŸ‘‡ğŸ»ğŸ‘‡ğŸ»ğŸ‘‡ğŸ» 
https://english.freejobsrecruitment.com/infosys-jobs-infosys-recruitment-for-freshers/","infosys recruitment for freshers 

any graduate 

2 months training  job 

salary  48 lpa 

apply link  
",0.0
2024-10-09 02:19:12+00:00,-1002129137971,"Don't Miss This Opportunity 

Flipkart Bulk Hiring started 

Any Graduate 

15 Days Training + Job 

Apply Link ğŸ‘‡ğŸ»ğŸ‘‡ğŸ»ğŸ‘‡ğŸ» 
https://english.freejobsrecruitment.com/flipkart-recruitment-for-freshers-flipkart-jobs/","dont miss this opportunity 

flipkart bulk hiring started 

any graduate 

15 days training  job 

apply link  
",0.571
2024-10-08 15:56:13+00:00,-1002129137971,"Income Tax Department Notification 2024 

Qualification : 10th 

No Fee - No Exam 

Selection : Merit Base 

Salary : 40,000 

Full Details & Apply Link ğŸ‘‡ğŸ»ğŸ‘‡ğŸ»ğŸ‘‡ğŸ» 
https://indiajobszone.com/income-tax-department-notification-2024-govt-jobs/","income tax department notification 2024 

qualification  10th 

no fee  no exam 

selection  merit base 

salary  40000 

full details  apply link  
",0.3586
2024-10-08 14:29:31+00:00,-1002129137971,,,0.0
2024-10-08 14:29:31+00:00,-1002129137971,,,0.0
2024-10-08 14:29:30+00:00,-1002129137971,"*ğŸ’¥ğŸ˜Exciting Opportunity ğŸ˜ğŸ’¥*

Software Training now available in your native language.

Telugu,Tamil , Kannada, Hindi 

Eligibility:- BTech (all branches), BSc, BCom, BBA, etc.

Year Of Passout:- 2018 to 2024 GraduatesÂ 

Get High Paying Software Job In 3 Steps 

Step 1 :- *Book a FREE Demo*ğŸ‘‡ 

https://ccbp.in/intensive/referral?utm_source=affiliate&utm_medium=affiliate-dashboard&utm_campaign=affiliate-demo&invite_code=ATCE5G

Step 2 :- Enroll For The Training & Start Learning The Skills 

Step 3 :- Apply To The Companies & Get Placed in IT companies.

ğŸ‰Don't miss this opportunity ğŸ¤—","exciting opportunity 

software training now available in your native language

telugutamil  kannada hindi 

eligibility btech all branches bsc bcom bba etc

year of passout 2018 to 2024 graduatesÂ 

get high paying software job in 3 steps 

step 1  book a free demo 



step 2  enroll for the training  start learning the skills 

step 3  apply to the companies  get placed in it companies

dont miss this opportunity ",0.9185
2024-10-08 11:42:02+00:00,-1002129137971,"Don't Miss This Opportunity 

Wipro Bulk Recruitment For Freshers 

Any Graduate 

2 Months Training + Job 

Salary : 4.8 LPA 

Apply Link ğŸ‘‡ğŸ»ğŸ‘‡ğŸ»ğŸ‘‡ğŸ» 
https://english.freejobsrecruitment.com/latest-wipro-recruitment-2024-wipro-jobs-5/","dont miss this opportunity 

wipro bulk recruitment for freshers 

any graduate 

2 months training  job 

salary  48 lpa 

apply link  
",0.571
2024-10-08 05:16:06+00:00,-1002129137971,"Tech Mahindra Recruitment For Freshers 

15 Days Training + Job 

12th Pass Only 

Salary : 4.5 LPA 

Apply Link ğŸ‘‡ğŸ»ğŸ‘‡ğŸ»ğŸ‘‡ğŸ» 
https://english.freejobsrecruitment.com/latest-tech-mahindra-recruitment-2024-jobs-for-freshers/","tech mahindra recruitment for freshers 

15 days training  job 

12th pass only 

salary  45 lpa 

apply link  
",0.0
2024-10-08 02:54:14+00:00,-1002129137971,"Phone pe Recruitment For Freshers 

Any Graduate 

No Fee | No Exam | No Exp 

Salary : 35,000 / Month 

Apply Link ğŸ‘‡ğŸ»ğŸ‘‡ğŸ»ğŸ‘‡ğŸ» 
https://english.freejobsrecruitment.com/latest-phone-pe-recruitment-2024-jobs-for-freshers/","phone pe recruitment for freshers 

any graduate 

no fee  no exam  no exp 

salary  35000  month 

apply link  
",0.1471
2024-10-08 02:18:47+00:00,-1002129137971,"Work From Home Jobs 

Cognizant Bulk Recruitment For Freshers 

Any Graduate 

45 Days Training + Job 

Salary : 4 LPA 

Apply Link ğŸ‘‡ğŸ»ğŸ‘‡ğŸ»ğŸ‘‡ğŸ» 
https://english.freejobsrecruitment.com/latest-cognizant-recruitment-2024-jobs-for-freshers/","work from home jobs 

cognizant bulk recruitment for freshers 

any graduate 

45 days training  job 

salary  4 lpa 

apply link  
",0.0
2024-10-07 15:20:09+00:00,-1002129137971,"Agriculture Department Notification 2024 

No Fee - No Exam 

Direct Interview 

Apply Link ğŸ‘‡ğŸ»ğŸ‘‡ğŸ»ğŸ‘‡ğŸ» 
https://indiajobszone.com/agriculture-jobs-acharya-n-g-ranga-agriculture-university-notification-2024/","agriculture department notification 2024 

no fee  no exam 

direct interview 

apply link  
",-0.0803
2024-10-06 15:41:32+00:00,-1002129137971,"Microsoft Recruitment for freshers 

Qualification:Any Graduate 

Salary: 8 LPA

Apply Link:ğŸ‘‡ğŸ‘‡ğŸ‘‡
https://english.freejobsrecruitment.com/latest-microsoft-recruitment-2024-jobs-for-freshers/","microsoft recruitment for freshers 

qualificationany graduate 

salary 8 lpa

apply link
",0.0
2024-10-06 13:51:08+00:00,-1002129137971,"KPMG Recruitment for freshers 


Qualification: Any Graduate 


Salary:6.5 LPA

Apply Link:ğŸ‘‡ğŸ‘‡ğŸ‘‡ 
https://english.freejobsrecruitment.com/latest-kpmg-recruitment-2024-jobs-for-freshers/","kpmg recruitment for freshers 


qualification any graduate 


salary65 lpa

apply link 
",0.0
2024-10-06 12:57:53+00:00,-1002129137971,"Google Recruitment for freshers 
Qualification:Any Graduate 

Salary: 7 LPA 

Apply Link: ğŸ‘‡ğŸ‘‡ğŸ‘‡
https://english.freejobsrecruitment.com/latest-google-recruitment-2024-jobs-for-freshers/","google recruitment for freshers 
qualificationany graduate 

salary 7 lpa 

apply link 
",0.0
2024-10-05 16:59:01+00:00,-1002129137971,"Telus international recruitment for freshers 

Qualification: Any Graduate 

Salary:3.6 LPA

Apply Link:ğŸ‘‡ğŸ‘‡ğŸ‘‡
https://english.freejobsrecruitment.com/latest-telus-international-recruitment-2024jobs-for-freshers/","telus international recruitment for freshers 

qualification any graduate 

salary36 lpa

apply link
",0.0
2024-10-05 15:56:42+00:00,-1002129137971,"Wipro recruitment for freshers 

Qualification: Any Graduate 

Salary:6 LPA

Apply Link:ğŸ‘‡ğŸ‘‡ğŸ‘‡
https://english.freejobsrecruitment.com/latest-wipro-recruitment-2024-jobs-for-freshers/","wipro recruitment for freshers 

qualification any graduate 

salary6 lpa

apply link
",0.0
2024-10-05 12:14:02+00:00,-1002129137971,"Amazon Recruitment for freshers 

Qualification:Any Graduate

Salary:4 LPA

Apply Link: ğŸ‘‡ğŸ‘‡ğŸ‘‡
https://english.freejobsrecruitment.com/latest-amazon-recruitment-2024-jobs-for-freshers/","amazon recruitment for freshers 

qualificationany graduate

salary4 lpa

apply link 
",0.1779
2024-10-05 08:09:01+00:00,-1002129137971,"Tata Communication Recruitment for freshers 

Qualification:Any Graduate 


Salary:4.5 LPA

Apply Link:ğŸ‘‡ğŸ‘‡ğŸ‘‡
https://english.freejobsrecruitment.com/latest-tata-communications-recruitment-2024-jobs-for-freshers/","tata communication recruitment for freshers 

qualificationany graduate 


salary45 lpa

apply link
",0.0
2024-10-05 05:07:01+00:00,-1002129137971,"Deloitte Recruitment for freshers 

Qualification:Any Graduate 



Salary:7 LPA 

Apply Link:ğŸ‘‡ğŸ‘‡ğŸ‘‡
https://english.freejobsrecruitment.com/latest-deloitte-recruitment-2024jobs-for-freshers/","deloitte recruitment for freshers 

qualificationany graduate 



salary7 lpa 

apply link
",0.0
2024-10-05 02:06:01+00:00,-1002129137971,"KPMG Recruitment for freshers 

Qualification:Any Graduate 


Salary:7 LPA

Apply Link:ğŸ‘‡ğŸ‘‡ğŸ‘‡
https://english.freejobsrecruitment.com/latest-kpmg-recruitment-2024-jobs-for-frehers/","kpmg recruitment for freshers 

qualificationany graduate 


salary7 lpa

apply link
",0.0
2024-10-04 10:14:01+00:00,-1002129137971,"Genpact recruitment for freshers 

Qualification:Any Graduate 

Salary: 4.8 LPA

Apply Link:ğŸ‘‡ğŸ‘‡ğŸ‘‡
https://english.freejobsrecruitment.com/latest-genpact-recruitment-2024-job-for-freshers/","genpact recruitment for freshers 

qualificationany graduate 

salary 48 lpa

apply link
",0.0
2024-10-04 08:13:01+00:00,-1002129137971,"Goldman Sachs Recruitment for freshers 

Qualification:Any Graduate 

Salary:8 LPA

Apply Link: ğŸ‘‡ğŸ‘‡ğŸ‘‡
https://english.freejobsrecruitment.com/latest-goldman-sachs-recruitment-2024-jobs-for-freshers/","goldman sachs recruitment for freshers 

qualificationany graduate 

salary8 lpa

apply link 
",0.0
2024-10-04 06:50:54+00:00,-1002129137971,"Capgemini recruitment for freshers 

Qualification:Any Graduate 

Salary:7.5 LPA

Apply Link:ğŸ‘‡ğŸ‘‡ğŸ‘‡
https://english.freejobsrecruitment.com/latest-capgemini-recruitment-2024-jobs-for-freshers/","capgemini recruitment for freshers 

qualificationany graduate 

salary75 lpa

apply link
",0.0
2024-10-04 06:45:52+00:00,-1002129137971,"Infosys Recruitment for freshers 

Qualification:Any Graduate 

Salary:4.2 LPA

Apply Link:ğŸ‘‡ğŸ‘‡ğŸ‘‡
https://english.freejobsrecruitment.com/latest-infosys-recruitment-2024-jobs-for-freshers/","infosys recruitment for freshers 

qualificationany graduate 

salary42 lpa

apply link
",0.0
2024-10-04 04:40:51+00:00,-1002129137971,"Concentrix Recruitment for freshers 


Qualification:Any Graduate 


Salary:4.5 LPA

Apply Link:ğŸ‘‡ğŸ‘‡ğŸ‘‡
https://english.freejobsrecruitment.com/latest-concentrix-recruitment-2024-jobs-for-freshers/","concentrix recruitment for freshers 


qualificationany graduate 


salary45 lpa

apply link
",0.0
2024-10-04 03:37:01+00:00,-1002129137971,"Oracle Recruitment for freshers 

Qualification:Any Graduate 

Salary:7 LPA

Apply Link:ğŸ‘‡ğŸ‘‡ğŸ‘‡
https://english.freejobsrecruitment.com/latest-oracle-recruitment-2024-jobs-for-freshers/","oracle recruitment for freshers 

qualificationany graduate 

salary7 lpa

apply link
",0.0
2024-10-04 02:34:01+00:00,-1002129137971,"Amazon Recruitment for freshers 

Qualification:Any Graduate

Salary:4 LPA

Apply Link: ğŸ‘‡ğŸ‘‡ğŸ‘‡
https://english.freejobsrecruitment.com/latest-amazon-recruitment-2024-jobs-for-freshers/","amazon recruitment for freshers 

qualificationany graduate

salary4 lpa

apply link 
",0.1779
2024-10-03 18:29:59+00:00,-1002129137971,"Concentrix Recruitment for freshers

Qualification:Any Graduate 

Salary:4.5 LPA

Apply Link:ğŸ‘‡ğŸ‘‡ğŸ‘‡
https://english.freejobsrecruitment.com/latest-concentrix-recruitment-2024-jobs-for-freshers/","concentrix recruitment for freshers

qualificationany graduate 

salary45 lpa

apply link
",0.0
2024-10-02 07:21:30+00:00,-1002129137971,"PWC Recruitment For Freshers 

Any Graduate 

Salary : 8 LPA 

Apply Link ğŸ‘‡ğŸ»ğŸ‘‡ğŸ»ğŸ‘‡ğŸ» 
https://english.freejobsrecruitment.com/latest-pwc-recruitment-2024-pwc-jobs/","pwc recruitment for freshers 

any graduate 

salary  8 lpa 

apply link  
",0.0
2024-10-02 06:19:21+00:00,-1002129137971,"Paytm Recruitment For Freshers 

Any Graduate 

3 Months Training + Job 

Salary : 4.8 LPA 

Apply Link ğŸ‘‡ğŸ»ğŸ‘‡ğŸ»ğŸ‘‡ğŸ» 
https://english.freejobsrecruitment.com/latest-paytm-recruitment-for-freshers-paytm-jobs/","paytm recruitment for freshers 

any graduate 

3 months training  job 

salary  48 lpa 

apply link  
",0.0
2024-10-02 04:27:01+00:00,-1002129137971,"Accenture Recruitment For Freshers 

Any Graduate 

Salary : 4.6 LPA 

Apply Link ğŸ‘‡ğŸ»ğŸ‘‡ğŸ»ğŸ‘‡ğŸ» 
https://english.freejobsrecruitment.com/latest-accenture-recruitment-for-freshers-accenture-jobs/","accenture recruitment for freshers 

any graduate 

salary  46 lpa 

apply link  
",0.0
2024-10-02 03:04:51+00:00,-1002129137971,"Flipkart Recruitment For Freshers 

12th Pass Only 

15 Days Training + Job

Apply Link ğŸ‘‡ğŸ»ğŸ‘‡ğŸ»ğŸ‘‡ğŸ» 
https://english.freejobsrecruitment.com/latest-flipkart-recruitment-2024-flipkart-jobs/","flipkart recruitment for freshers 

12th pass only 

15 days training  job

apply link  
",0.0
2024-10-01 09:04:52+00:00,-1002129137971,"Wipro Mass Hiring For Freshers 

Any Graduate 

6 Weeks Training + Job 

Salary : 4.5 LPA 

Apply Link ğŸ‘‡ğŸ»ğŸ‘‡ğŸ»ğŸ‘‡ğŸ» 
https://english.freejobsrecruitment.com/latest-wipro-recruitment-2024-wipro-jobs-4/","wipro mass hiring for freshers 

any graduate 

6 weeks training  job 

salary  45 lpa 

apply link  
",0.0
2024-10-01 04:02:25+00:00,-1002129137971,"Genpact Recruitment For Freshers 

Any Graduate 

4 Weeks Training + Job 

Salary : 4 LPA 

Apply Link ğŸ‘‡ğŸ»ğŸ‘‡ğŸ»ğŸ‘‡ğŸ» 
https://english.freejobsrecruitment.com/latest-genpact-recruitment-2024-genpact-jobs/","genpact recruitment for freshers 

any graduate 

4 weeks training  job 

salary  4 lpa 

apply link  
",0.0
2024-10-01 02:57:20+00:00,-1002129137971,"Latest Myntra Recruitment For Freshers 

Any Graduate 

4 Months Training + Job 

Salary : 7 LPA 

Apply Link ğŸ‘‡ğŸ»ğŸ‘‡ğŸ»ğŸ‘‡ğŸ» 
https://english.freejobsrecruitment.com/latest-myntra-recruitment-2024-myntra-jobs/","latest myntra recruitment for freshers 

any graduate 

4 months training  job 

salary  7 lpa 

apply link  
",0.0
2024-09-30 06:54:06+00:00,-1002129137971,"Tech Mahindra Recruitment For Freshers 

Any Graduate 

15 Days Training + Job 

Salary : 4 LPA 

Apply Link ğŸ‘‡ğŸ»ğŸ‘‡ğŸ»ğŸ‘‡ğŸ» 
https://english.freejobsrecruitment.com/latest-tech-mahindra-recruitment-2024-tech-mahindra-jobs/","tech mahindra recruitment for freshers 

any graduate 

15 days training  job 

salary  4 lpa 

apply link  
",0.0
2024-09-30 05:08:57+00:00,-1002129137971,"Barclays Recruitment For Freshers 

Any Graduate 

Data Engineer 

Salary : 8 - 13 LPA 

Apply Link ğŸ‘‡ğŸ»ğŸ‘‡ğŸ»ğŸ‘‡ğŸ» 
https://mohancareers.com/latest-barclays-recruitment-2024-barclays-jobs/","barclays recruitment for freshers 

any graduate 

data engineer 

salary  8  13 lpa 

apply link  
",0.0
2024-09-30 03:31:01+00:00,-1002129137971,"Work From Home Jobs 

Cognizant Recruitment For Freshers 

Any Graduate 

2 Months Training + Job 

Salary : 5 LPA 

Apply Link ğŸ‘‡ğŸ»ğŸ‘‡ğŸ»ğŸ‘‡ğŸ» 
https://english.freejobsrecruitment.com/latest-cognizant-recruitment-2024-cognizant-jobs-2/","work from home jobs 

cognizant recruitment for freshers 

any graduate 

2 months training  job 

salary  5 lpa 

apply link  
",0.0
2024-09-30 01:59:09+00:00,-1002129137971,"TCS Recruitment For Freshers 

Any Graduate 

6 Months Training + Job 

Salary: 6 LPA 

Apply Link ğŸ‘‡ğŸ»ğŸ‘‡ğŸ»ğŸ‘‡ğŸ»ğŸ‘‡ğŸ» 
https://english.freejobsrecruitment.com/latest-tcs-recruitment-2024-tcs-jobs-2/","tcs recruitment for freshers 

any graduate 

6 months training  job 

salary 6 lpa 

apply link  
",0.0
2024-09-29 10:55:58+00:00,-1002129137971,"Google Bulk Recruitment For Freshers 

Any Graduate 

6 Months Training + Job 

Salary : 80,000 / Month 

Apply Link ğŸ‘‡ğŸ»ğŸ‘‡ğŸ»ğŸ‘‡ğŸ» 
https://english.freejobsrecruitment.com/latest-google-recruitment-for-freshers-google-jobs/","google bulk recruitment for freshers 

any graduate 

6 months training  job 

salary  80000  month 

apply link  
",0.0
2024-09-29 07:25:59+00:00,-1002129137971,"Infosys Mass Hiring For Freshers 

Any Graduate 

500 Vacancies 

Salary : 4.5 LPA 

Apply Link ğŸ‘‡ğŸ»ğŸ‘‡ğŸ»ğŸ‘‡ğŸ» 
https://english.freejobsrecruitment.com/latest-infosys-recruitment-2023-infosys-jobs/","infosys mass hiring for freshers 

any graduate 

500 vacancies 

salary  45 lpa 

apply link  
",0.0
2024-09-29 06:23:40+00:00,-1002129137971,"Amazon Recruitment For Freshers 

Any Graduate 

6 Weeks Training + Job 

Salary : 4 LPA 

Apply Link ğŸ‘‡ğŸ»ğŸ‘‡ğŸ»ğŸ‘‡ğŸ» 
https://english.freejobsrecruitment.com/latest-amazon-recruitment-2024-amazon-jobs/","amazon recruitment for freshers 

any graduate 

6 weeks training  job 

salary  4 lpa 

apply link  
",0.1779
2024-09-28 08:48:01+00:00,-1002129137971,"Deloitte Bulk Recruitment For Freshers 

Any Graduate 

3 Months Training + Job 

Salary : 8 LPA 

Apply Link ğŸ‘‡ğŸ»ğŸ‘‡ğŸ»ğŸ‘‡ğŸ» 
https://english.freejobsrecruitment.com/latest-deloitte-recruitment-for-freshers-deloitte-jobs/","deloitte bulk recruitment for freshers 

any graduate 

3 months training  job 

salary  8 lpa 

apply link  
",0.0
2024-09-28 07:23:25+00:00,-1002129137971,"Don't Miss This Opportunity 

Wipro Mass Hiring 

Any Graduate 

45 Days Training + Job 

Salary : 4.5 LPA 

Apply Link ğŸ‘‡ğŸ»ğŸ‘‡ğŸ»ğŸ‘‡ğŸ» 
https://english.freejobsrecruitment.com/latest-wipro-recruitment-2024-wipro-jobs-3/","dont miss this opportunity 

wipro mass hiring 

any graduate 

45 days training  job 

salary  45 lpa 

apply link  
",0.571
2024-09-28 04:09:01+00:00,-1002129137971,"Capgemini Bulk Recruitment For Freshers 

Any Graduate 

Salary : 4 LPA 

Bonus 25,000 

Apply Link ğŸ‘‡ğŸ»ğŸ‘‡ğŸ»ğŸ‘‡ğŸ» 
https://english.freejobsrecruitment.com/latest-capgemini-bulk-recruitment-2024-capgemini-jobs/","capgemini bulk recruitment for freshers 

any graduate 

salary  4 lpa 

bonus 25000 

apply link  
",0.5423
2024-09-28 03:04:24+00:00,-1002129137971,"Qualcomm Recruitment For Freshers 

Any Graduate 

Salary : 8 LPA 

Apply Link ğŸ‘‡ğŸ»ğŸ‘‡ğŸ»ğŸ‘‡ğŸ» 
https://english.freejobsrecruitment.com/latest-qualcomm-recruitment-2024-qualcomm-jobs/","qualcomm recruitment for freshers 

any graduate 

salary  8 lpa 

apply link  
",0.0
